seal_id,hypothesis,tamil_script,phoneme_roman,morpheme_english,semantic_domain,translation_status,confidence,source
220,VPS2024,"சிவம், சிவன் (துணக்குறி = அம்,அன்,அல்,அர்)","chivam, chivan (thuNakkuRi = am,an,al,ar)",,,pending,0.68,INDUS_SEALS_READ_in_book_5.pdf (author direct upload)
232,VPS2024,மலை அரச,malai aracha,,,pending,0.68,INDUS_SEALS_READ_in_book_5.pdf (author direct upload)
327,VPS2024,"அரசணஅ, அரசனின்","arachaNaa, arachanin",,,pending,0.68,INDUS_SEALS_READ_in_book_5.pdf (author direct upload)
342,VPS2024,"த ொழு, த ொழுவம்","tha ozhu, tha ozhuvam",,,pending,0.68,INDUS_SEALS_READ_in_book_5.pdf (author direct upload)
343,VPS2024,அ த ொழு = மொட்டுத் த ொழுவம்,a tha ozhu = mottuth tha ozhuvam,,,pending,0.68,INDUS_SEALS_READ_in_book_5.pdf (author direct upload)
1007,VPS2024,ஆறு (உலை)ய,aaRu (ulai)ya,,,pending,0.68,INDUS_SEALS_READ_in_book_5.pdf (author direct upload)
1008,VPS2024,க ொழி ஆர் இருளைொ வயமூன் (ஆர்=ஊர்),ka ozhi aar iruLaio vayamuun (aar=uur),,,pending,0.68,INDUS_SEALS_READ_in_book_5.pdf (author direct upload)
1010,VPS2024,வ வ ளொர் ண்ண ய் ஆ,va va Lor NNa y aa,,,pending,0.68,INDUS_SEALS_READ_in_book_5.pdf (author direct upload)
1028,VPS2024,ஓவண்ணளொர் ய் (உலைய) ஆ,oovaNNaLor y (ulaiya) aa,,,pending,0.68,INDUS_SEALS_READ_in_book_5.pdf (author direct upload)
1030,VPS2024,வயமூன் ஓர் ஆ ொவ்வ=பொற்பசுக் ொவைர்,vayamuun oor aa ovva=poRpachuk ovair,,,pending,0.68,INDUS_SEALS_READ_in_book_5.pdf (author direct upload)
1035,VPS2024,சி வண்(ணொ) ஆறு உலைய,chi vaN(No) aaRu ulaiya,,,pending,0.68,INDUS_SEALS_READ_in_book_5.pdf (author direct upload)
1045,VPS2024,"வய(ல்) ொவ்வன், வைிய ொவ்வன்","vaya(l) ovvan, vaiiya ovvan",Carer of cultivated field,agriculture,complete,0.68,INDUS_SEALS_READ_in_book_5.pdf (author direct upload)
1046,VPS2024,யொழ ன ண்ணொ,yozha na NNo,,,pending,0.68,INDUS_SEALS_READ_in_book_5.pdf (author direct upload)
1048,VPS2024,ய ய இருளன் (துலணக்குறி= அன்),ya ya iruLan (thulaNakkuRi= an),,,pending,0.68,INDUS_SEALS_READ_in_book_5.pdf (author direct upload)
1049,VPS2024,"வய க ொயிைண் பண "" ைொவ க ளண்ன ய்யொ ஆ","vaya ka oyiaiN paNa "" aiova ka LaNna yyo aa",,,pending,0.68,INDUS_SEALS_READ_in_book_5.pdf (author direct upload)
1068,VPS2024,ண்(ண)ல் வ்யமூன் = அண்ணல் பொல்,N(Na)l vyamuun = aNNal pol,,,pending,0.68,INDUS_SEALS_READ_in_book_5.pdf (author direct upload)
1070,VPS2024,ஆமு ம ண்(ணொ),aamu ma N(No),,,pending,0.68,INDUS_SEALS_READ_in_book_5.pdf (author direct upload)
1076,VPS2024,வ வ ெய்= மி ச் சிறந் தெய்,va va ey= mi ch chiRan they,Very Good Ghee,dairy products,complete,0.68,INDUS_SEALS_READ_in_book_5.pdf (author direct upload)
1078,VPS2024,மீ மீ ர் ஆ= கமைொளர் ஆ,mii mii r aa= kamaioLar aa,,,pending,0.68,INDUS_SEALS_READ_in_book_5.pdf (author direct upload)
1088,VPS2024,வ வய ைொ ள ன்,va vaya aio La n,,,pending,0.68,INDUS_SEALS_READ_in_book_5.pdf (author direct upload)
1094,VPS2024,மீ மீ ண்ணல் வ்யமூன்=கமைொன அண்ணல் பொல்,mii mii NNal vyamuun=kamaiona aNNal pol,,,pending,0.68,INDUS_SEALS_READ_in_book_5.pdf (author direct upload)
1098,VPS2024,மீ மீ இள ய்யொ ஆ,mii mii iLa yyo aa,,,pending,0.68,INDUS_SEALS_READ_in_book_5.pdf (author direct upload)
1102,VPS2024,ண்ணி,NNi,,,pending,0.68,INDUS_SEALS_READ_in_book_5.pdf (author direct upload)
1102,VPS2024,ண்ண(ீர்),NNa(iir),,,pending,0.68,INDUS_SEALS_READ_in_book_5.pdf (author direct upload)
1105,VPS2024,"வ "" பன்னிரு வண ள வ்யமூன்","va "" panniru vaNa La vyamuun",,,pending,0.68,INDUS_SEALS_READ_in_book_5.pdf (author direct upload)
1105,VPS2024,வ வ பன்னிரு வன ண்ணல் பொல்,va va panniru vana NNal pol,,,pending,0.68,INDUS_SEALS_READ_in_book_5.pdf (author direct upload)
1109,VPS2024,வ' இளைொ ஆக்( ள்),va' iLaio aak( L),,,pending,0.68,INDUS_SEALS_READ_in_book_5.pdf (author direct upload)
1110,VPS2024,வ சம ள வ ண்ண(ல்),va chama La va NNa(l),Equanimous respected great leader,governance,complete,0.68,INDUS_SEALS_READ_in_book_5.pdf (author direct upload)
1114,VPS2024,வ வ இருளட்ை ஆ ( வ ொரி மொடு),va va iruLatai aa ( va ori motu),,,pending,0.68,INDUS_SEALS_READ_in_book_5.pdf (author direct upload)
1116,VPS2024,மூ(த் ) வ(த் ர்) ய் (உலைய) (6-அன் உருபு) ஆ ண(ய்),muu(th ) va(th r) y (ulaiya) (6-an urupu) aa Na(y),,,pending,0.68,INDUS_SEALS_READ_in_book_5.pdf (author direct upload)
1120,VPS2024,ொரி மொடு,ori motu,,,pending,0.68,INDUS_SEALS_READ_in_book_5.pdf (author direct upload)
1121,VPS2024,இைம இைம வய(ல்) ொவ(ல்),iaima iaima vaya(l) ova(l),,,pending,0.68,INDUS_SEALS_READ_in_book_5.pdf (author direct upload)
1127,VPS2024,வ ீ வித் ொவ்வ= கமைொன வித்து ொவல்,va ii vith ovva= kamaiona viththu oval,,,pending,0.68,INDUS_SEALS_READ_in_book_5.pdf (author direct upload)
1129,VPS2024,சிவ ை மூ ஆ ொவ்வ; ை-6-அன் உருபு,chiva ai muu aa ovva; ai-6-an urupu,,,pending,0.68,INDUS_SEALS_READ_in_book_5.pdf (author direct upload)
1133,VPS2024,"ெ ய் = தெய் (மு, மூ கபொை ெ, ெொ பயனில்)","e y = they (mu, muu kapoai e, eo payanil)",,,pending,0.68,INDUS_SEALS_READ_in_book_5.pdf (author direct upload)
1143,VPS2024,மி ச் சிறந் தெய்,mi ch chiRan they,,,pending,0.68,INDUS_SEALS_READ_in_book_5.pdf (author direct upload)
1143,VPS2024,ெ ய் = தெய்,e y = they,,,pending,0.68,INDUS_SEALS_READ_in_book_5.pdf (author direct upload)
1147,VPS2024,வய இல்ைம் வ்யமூன்= வயல் வட்ீ டுப் பொல்,vaya ilaim vyamuun= vayal vatii tup pol,,,pending,0.68,INDUS_SEALS_READ_in_book_5.pdf (author direct upload)
1150,VPS2024,ணொய் அரச ஆ= அரச ஆ ெய்,Noy aracha aa= aracha aa ey,,,pending,0.68,INDUS_SEALS_READ_in_book_5.pdf (author direct upload)
1156,VPS2024,(இ)ை ழன் பன்னிரு ஆ,(i)ai zhan panniru aa,,,pending,0.68,INDUS_SEALS_READ_in_book_5.pdf (author direct upload)
1158,VPS2024,மீ மீ இள(ம்) சொ ண,mii mii iLa(m) cho Na,,,pending,0.68,INDUS_SEALS_READ_in_book_5.pdf (author direct upload)
1159,VPS2024,இை இை அய் ெ ய் =இவ்விைம் சிறந் தெய்,iai iai ay e y =ivviaim chiRan they,,,pending,0.68,INDUS_SEALS_READ_in_book_5.pdf (author direct upload)
1168,VPS2024,ஓ வ்யமூன் = சிறந் பொல்,oo vyamuun = chiRan pol,,,pending,0.68,INDUS_SEALS_READ_in_book_5.pdf (author direct upload)
1170,VPS2024,ை ழ வ்யமூன்,ai zha vyamuun,,,pending,0.68,INDUS_SEALS_READ_in_book_5.pdf (author direct upload)
1171,VPS2024,சிறந் ஆ ொவ்வ(ன்),chiRan aa ovva(n),,,pending,0.68,INDUS_SEALS_READ_in_book_5.pdf (author direct upload)
1182,VPS2024,ண் அய் க ொயில் எறும்ப = ண் அய்யன்,N ay ka oyil eRumpa = N ayyan,,,pending,0.68,INDUS_SEALS_READ_in_book_5.pdf (author direct upload)
1199,VPS2024,இளம ஆ,iLama aa,,,pending,0.68,INDUS_SEALS_READ_in_book_5.pdf (author direct upload)
1220,VPS2024,எருது,eruthu,,,pending,0.68,INDUS_SEALS_READ_in_book_5.pdf (author direct upload)
1228,VPS2024,மீ மீ க ொழி (ஊர்) ஆ ொவ்வ,mii mii ka ozhi (uur) aa ovva,,,pending,0.68,INDUS_SEALS_READ_in_book_5.pdf (author direct upload)
1229,VPS2024,மீ மீ ெய்,mii mii ey,,,pending,0.68,INDUS_SEALS_READ_in_book_5.pdf (author direct upload)
1232,VPS2024,மீ மீ ளொர் ஆ,mii mii Lor aa,,,pending,0.68,INDUS_SEALS_READ_in_book_5.pdf (author direct upload)
1235,VPS2024,ை இல் ைொ ைன்,ai il aio ain,,,pending,0.68,INDUS_SEALS_READ_in_book_5.pdf (author direct upload)
1237,VPS2024,மயில் ய்யொ ஆ,mayil yyo aa,,,pending,0.68,INDUS_SEALS_READ_in_book_5.pdf (author direct upload)
1274,VPS2024,மீ மீ க ொயில் ண் அல்,mii mii ka oyil N al,,,pending,0.68,INDUS_SEALS_READ_in_book_5.pdf (author direct upload)
1275,VPS2024,[வய(து)] மூ ை ஆ,[vaya(thu)] muu ai aa,,,pending,0.68,INDUS_SEALS_READ_in_book_5.pdf (author direct upload)
1287,VPS2024,ஓர் ஆ ொவ்வ,oor aa ovva,,,pending,0.68,INDUS_SEALS_READ_in_book_5.pdf (author direct upload)
1314,VPS2024,சண்ணொ ஆறுளன்,chaNNo aaRuLan,,,pending,0.68,INDUS_SEALS_READ_in_book_5.pdf (author direct upload)
1326,VPS2024,மீ மீ ை இள(ம்) பொல்,mii mii ai iLa(m) pol,,,pending,0.68,INDUS_SEALS_READ_in_book_5.pdf (author direct upload)
1335,VPS2024,வ ை சங் ஆ (சிறந் தவள்லள ஆ),va ai chang aa (chiRan thavaLlaLa aa),,,pending,0.68,INDUS_SEALS_READ_in_book_5.pdf (author direct upload)
1339,VPS2024,மூ வ ல ஆ,muu va la aa,,,pending,0.68,INDUS_SEALS_READ_in_book_5.pdf (author direct upload)
1341,VPS2024,வ ண்ணொ ஆ,va NNo aa,,,pending,0.68,INDUS_SEALS_READ_in_book_5.pdf (author direct upload)
1344,VPS2024,"வ "" ஏழு (இள)ஞொன் ஆ","va "" eezhu (iLa)nyon aa",,,pending,0.68,INDUS_SEALS_READ_in_book_5.pdf (author direct upload)
1345,VPS2024,வ ை இள ை வ்யமூன்,va ai iLa ai vyamuun,,,pending,0.68,INDUS_SEALS_READ_in_book_5.pdf (author direct upload)
1348,VPS2024,வ ை ெ ள ன்,va ai e La n,,,pending,0.68,INDUS_SEALS_READ_in_book_5.pdf (author direct upload)
1350,VPS2024,இள ை சொ ண ண் (ண ர ம ர மயக் ம்),iLa ai cho Na N (Na ra ma ra mayak m),,,pending,0.68,INDUS_SEALS_READ_in_book_5.pdf (author direct upload)
1373,VPS2024,வ ை ெளன் இரு ைொ ரின் ஆ,va ai eLan iru aio rin aa,,,pending,0.68,INDUS_SEALS_READ_in_book_5.pdf (author direct upload)
1374,VPS2024,இள ண்ண ஆ,iLa NNa aa,,,pending,0.68,INDUS_SEALS_READ_in_book_5.pdf (author direct upload)
1386,VPS2024,மீ மீ வ ஆக்( ள்) த ொழு (Zebu cattle shed),mii mii va aak( L) tha ozhu (Zebu cattle shed),Very Good Zebu Shed,animal husbandry,complete,0.68,INDUS_SEALS_READ_in_book_5.pdf (author direct upload)
1387,VPS2024,மீ மீ வ ை ள ன் த ொழு,mii mii va ai La n tha ozhu,,,pending,0.68,INDUS_SEALS_READ_in_book_5.pdf (author direct upload)
1407,VPS2024,வ ண்(ண) ய் ஆ,va N(Na) y aa,,,pending,0.68,INDUS_SEALS_READ_in_book_5.pdf (author direct upload)
1414,VPS2024,இள வய(து) மூ-பன்னிரு (36) ஆ,iLa vaya(thu) muu-panniru (36) aa,,,pending,0.68,INDUS_SEALS_READ_in_book_5.pdf (author direct upload)
1427,VPS2024,ய் ெ ர் = ெய்க் ர்= தெய்க் ொரர்,y e r = eyk r= theyk orar,,,pending,0.68,INDUS_SEALS_READ_in_book_5.pdf (author direct upload)
1447,VPS2024,ம ைொ ை சொ ண =குவிக் ப்பட்ை சொணம்,ma aio ai cho Na =kuvik ppatai choNam,,,pending,0.68,INDUS_SEALS_READ_in_book_5.pdf (author direct upload)
1456,VPS2024,மீ மீ ை வய(து) மூ(த் ) ச ண= சிறந் மூத் சொணம்,mii mii ai vaya(thu) muu(th ) cha Na= chiRan muuth choNam,,,pending,0.68,INDUS_SEALS_READ_in_book_5.pdf (author direct upload)
1466,VPS2024,மீ மீ க ொயில் ஏழு ஆ,mii mii ka oyil eezhu aa,,,pending,0.68,INDUS_SEALS_READ_in_book_5.pdf (author direct upload)
1533,VPS2024,சொ ண(ம்),cho Na(m),,,pending,0.68,INDUS_SEALS_READ_in_book_5.pdf (author direct upload)
1534,VPS2024,மூப மூப்ப ைொ ள ன் த ொழுவம்,muupa muuppa aio La n tha ozhuvam,,,pending,0.68,INDUS_SEALS_READ_in_book_5.pdf (author direct upload)
1551,VPS2024,மீ மீ இரு ள ன்,mii mii iru La n,,,pending,0.68,INDUS_SEALS_READ_in_book_5.pdf (author direct upload)
1561,VPS2024,க ொயில் மலை ஆ,ka oyil malai aa,,,pending,0.68,INDUS_SEALS_READ_in_book_5.pdf (author direct upload)
1628,VPS2024,பக் ம் 1- ள வ்வ இரு ஆ,pak m 1- La vva iru aa,,,pending,0.68,INDUS_SEALS_READ_in_book_5.pdf (author direct upload)
1628,VPS2024,பக் ம் 2- ள ம ச ண,pak m 2- La ma cha Na,,,pending,0.68,INDUS_SEALS_READ_in_book_5.pdf (author direct upload)
1707,VPS2024,க ொயில் இை ஆ,ka oyil iai aa,,,pending,0.68,INDUS_SEALS_READ_in_book_5.pdf (author direct upload)
1708,VPS2024,க ொயில் இை ண்ண ஆ,ka oyil iai NNa aa,,,pending,0.68,INDUS_SEALS_READ_in_book_5.pdf (author direct upload)
1771,VPS2024,வன ை ளொர் ஆ,vana ai Lor aa,,,pending,0.68,INDUS_SEALS_READ_in_book_5.pdf (author direct upload)
1801,VPS2024,வண்ண ை ளொர் ஆ,vaNNa ai Lor aa,,,pending,0.68,INDUS_SEALS_READ_in_book_5.pdf (author direct upload)
2014,VPS2024,ஆ த ொழு,aa tha ozhu,,,pending,0.68,INDUS_SEALS_READ_in_book_5.pdf (author direct upload)
2015,VPS2024,வ்யமூன் = பொல்,vyamuun = pol,,,pending,0.68,INDUS_SEALS_READ_in_book_5.pdf (author direct upload)
2056,VPS2024,வ வ ண ை ன ய்யொ,va va Na ai na yyo,,,pending,0.68,INDUS_SEALS_READ_in_book_5.pdf (author direct upload)
2057,VPS2024,மீ மீ ஓர் ண் ஆ (ஆ தெடில் குறி),mii mii oor N aa (aa thetil kuRi),,,pending,0.68,INDUS_SEALS_READ_in_book_5.pdf (author direct upload)
2059,VPS2024,மீ மீ சொ ண,mii mii cho Na,,,pending,0.68,INDUS_SEALS_READ_in_book_5.pdf (author direct upload)
2060,VPS2024,மீ மீ சொ ண,mii mii cho Na,,,pending,0.68,INDUS_SEALS_READ_in_book_5.pdf (author direct upload)
2061,VPS2024,ஆமு ண் ண(ல்),aamu N Na(l),,,pending,0.68,INDUS_SEALS_READ_in_book_5.pdf (author direct upload)
2068,VPS2024,மீ மி ழ ட்ைள் ஆ க்=,mii mi zha taiL aa k=,,,pending,0.68,INDUS_SEALS_READ_in_book_5.pdf (author direct upload)
2069,VPS2024,வ வ வவண் வ ஓணொள் ஆ ப,va va vavaN va ooNoL aa pa,,,pending,0.68,INDUS_SEALS_READ_in_book_5.pdf (author direct upload)
2081,VPS2024,மீ மீ வய ைொ ள ன்,mii mii vaya aio La n,,,pending,0.68,INDUS_SEALS_READ_in_book_5.pdf (author direct upload)
2082,VPS2024,சிவ மூ ஆ ொவ்வ,chiva muu aa ovva,Carer of Isa's 3 cows,animal husbandry,complete,0.68,INDUS_SEALS_READ_in_book_5.pdf (author direct upload)
2086,VPS2024,ம யன் அய் வன ம ஆ த ொழு,ma yan ay vana ma aa tha ozhu,,,pending,0.68,INDUS_SEALS_READ_in_book_5.pdf (author direct upload)
2096,VPS2024,ண்ன அவ் வர ண்ண வ்வ ய்யொ ஆ,Nna av vara NNa vva yyo aa,,,pending,0.68,INDUS_SEALS_READ_in_book_5.pdf (author direct upload)
2097,VPS2024,க ொயில் இை மூ ை ஆ,ka oyil iai muu ai aa,,,pending,0.68,INDUS_SEALS_READ_in_book_5.pdf (author direct upload)
2104,VPS2024,வய ைொ ளர் ஆ,vaya aio Lar aa,,,pending,0.68,INDUS_SEALS_READ_in_book_5.pdf (author direct upload)
2113,VPS2024,அய் ஆ ொவ்வ,ay aa ovva,,,pending,0.68,INDUS_SEALS_READ_in_book_5.pdf (author direct upload)
2123,VPS2024,வ்ய ை ைொ வ்யமுன்,vya ai aio vyamun,,,pending,0.68,INDUS_SEALS_READ_in_book_5.pdf (author direct upload)
2127,VPS2024,எண் ய் = எண்ணய் (எள் தெய்),eN y = eNNay (eL they),Sesame Oil (ENNai),food commodities,complete,0.68,INDUS_SEALS_READ_in_book_5.pdf (author direct upload)
2142,VPS2024,இள(ம்) சொ ண(ம்),iLa(m) cho Na(m),,,pending,0.68,INDUS_SEALS_READ_in_book_5.pdf (author direct upload)
2142,VPS2024,இள சொ ண(ம்),iLa cho Na(m),,,pending,0.68,INDUS_SEALS_READ_in_book_5.pdf (author direct upload)
2163,VPS2024,(மீ) (இள) சொ ண பன்னிரு ஆ,(mii) (iLa) cho Na panniru aa,,,pending,0.68,INDUS_SEALS_READ_in_book_5.pdf (author direct upload)
2167,VPS2024,மூய த ொழு,muuya tha ozhu,,,pending,0.68,INDUS_SEALS_READ_in_book_5.pdf (author direct upload)
2169,VPS2024,அ ம ஆர் ை ன ன் த ொழு,a ma aar ai na n tha ozhu,,,pending,0.68,INDUS_SEALS_READ_in_book_5.pdf (author direct upload)
2183,VPS2024,ம ணொ ள ன்,ma No La n,,,pending,0.68,INDUS_SEALS_READ_in_book_5.pdf (author direct upload)
2186,VPS2024,இள ைொ பன்னிரு ொவ்வ,iLa aio panniru ovva,,,pending,0.68,INDUS_SEALS_READ_in_book_5.pdf (author direct upload)
2200,VPS2024,(இ)ன் ன் ஆ (சுகமரியர் த ய்வம்),(i)n n aa (chukamariyar tha yvam),,,pending,0.68,INDUS_SEALS_READ_in_book_5.pdf (author direct upload)
2201,VPS2024,ண ய்ய ஆ,Na yya aa,,,pending,0.68,INDUS_SEALS_READ_in_book_5.pdf (author direct upload)
2234,VPS2024,வ்ய்ய இளம்(இல்ைம்?),vyya iLam(ilaim?),The world is a Big Home,governance / ethics,complete,0.68,INDUS_SEALS_READ_in_book_5.pdf (author direct upload)
2251,VPS2024,மீ மீ வ்யமூன்,mii mii vyamuun,,,pending,0.68,INDUS_SEALS_READ_in_book_5.pdf (author direct upload)
2290,VPS2024,மீ மீ க ொயில் மைய் ை ன ய்யொ ஆ,mii mii ka oyil maiy ai na yyo aa,,,pending,0.68,INDUS_SEALS_READ_in_book_5.pdf (author direct upload)
2315,VPS2024,ை னி ஆ,ai ni aa,,,pending,0.68,INDUS_SEALS_READ_in_book_5.pdf (author direct upload)
2322,VPS2024,ஆ ொவ்வ ெ(ெொன்கு) ய் = ஆ ொவ்வன் தெய்,aa ovva e(eonku) y = aa ovvan they,,,pending,0.68,INDUS_SEALS_READ_in_book_5.pdf (author direct upload)
2343,VPS2024,ஆ ொவ்வ மூ,aa ovva muu,,,pending,0.68,INDUS_SEALS_READ_in_book_5.pdf (author direct upload)
2368,VPS2024,ஆ ொவ்வ மூ,aa ovva muu,,,pending,0.68,INDUS_SEALS_READ_in_book_5.pdf (author direct upload)
2375,VPS2024,(இ)ள ஆ ொவ்வ,(i)La aa ovva,,,pending,0.68,INDUS_SEALS_READ_in_book_5.pdf (author direct upload)
2380,VPS2024,"ணொ ய் ஆ = ெொல ஆ,அண்ணல் ல ஆ","No y aa = eola aa,aNNal la aa",,,pending,0.68,INDUS_SEALS_READ_in_book_5.pdf (author direct upload)
2382,VPS2024,ஆ ொவ்வ அய்,aa ovva ay,,,pending,0.68,INDUS_SEALS_READ_in_book_5.pdf (author direct upload)
2394,VPS2024,ஆ ொவ்வ ஓர்,aa ovva oor,,,pending,0.68,INDUS_SEALS_READ_in_book_5.pdf (author direct upload)
2420,VPS2024,ஆள் அவ் ஈச ர் = சிவொ,aaL av iicha r = chivo,,,pending,0.68,INDUS_SEALS_READ_in_book_5.pdf (author direct upload)
2442,VPS2024,ை அய்யி மு ர்,ai ayyi mu r,,,pending,0.68,INDUS_SEALS_READ_in_book_5.pdf (author direct upload)
2444,VPS2024,ண ய் ஆ ண = அண்ணல் ல ஆணய்,Na y aa Na = aNNal la aaNay,Order of the Leader (Market Common jurisdiction),governance / law,complete,0.68,INDUS_SEALS_READ_in_book_5.pdf (author direct upload)
2459,VPS2024,வய(ளொர்) ய்யொ ஆ,vaya(Lor) yyo aa,,,pending,0.68,INDUS_SEALS_READ_in_book_5.pdf (author direct upload)
2472,VPS2024,அரச ஆ ொவ்வன்,aracha aa ovvan,,,pending,0.68,INDUS_SEALS_READ_in_book_5.pdf (author direct upload)
2478,VPS2024,மீ மீ ஏழு ஞொன் ஆ,mii mii eezhu nyon aa,,,pending,0.68,INDUS_SEALS_READ_in_book_5.pdf (author direct upload)
2482,VPS2024,வ ளொர் ஆ ண(ய்),va Lor aa Na(y),,,pending,0.68,INDUS_SEALS_READ_in_book_5.pdf (author direct upload)
2497,VPS2024,ஆ ொவ்வ மூ,aa ovva muu,,,pending,0.68,INDUS_SEALS_READ_in_book_5.pdf (author direct upload)
2503,VPS2024,மீ மீ க ொழி (ஊர்) ொவ்வ,mii mii ka ozhi (uur) ovva,,,pending,0.68,INDUS_SEALS_READ_in_book_5.pdf (author direct upload)
2507,VPS2024,வ இள ை வ்யமூன்,va iLa ai vyamuun,,,pending,0.68,INDUS_SEALS_READ_in_book_5.pdf (author direct upload)
2514,VPS2024,ஆ ொவ்வ மூ,aa ovva muu,,,pending,0.68,INDUS_SEALS_READ_in_book_5.pdf (author direct upload)
2520,VPS2024,இள எழுட்ை ஆ,iLa ezhutai aa,,,pending,0.68,INDUS_SEALS_READ_in_book_5.pdf (author direct upload)
2534,VPS2024,ை வய ஆ,ai vaya aa,,,pending,0.68,INDUS_SEALS_READ_in_book_5.pdf (author direct upload)
2545,VPS2024,மீ மீ இள ச ண,mii mii iLa cha Na,,,pending,0.68,INDUS_SEALS_READ_in_book_5.pdf (author direct upload)
2596,VPS2024,ண்ன அவ் வர ண்ண வ்வ ய்யொ ஆ,Nna av vara NNa vva yyo aa,,,pending,0.68,INDUS_SEALS_READ_in_book_5.pdf (author direct upload)
2608,VPS2024,இள அரசன ஆ,iLa arachana aa,,,pending,0.68,INDUS_SEALS_READ_in_book_5.pdf (author direct upload)
2614,VPS2024,ொல் ள ண்ன அய்வன ைொ இருளன ன்,ol La Nna ayvana aio iruLana n,,,pending,0.68,INDUS_SEALS_READ_in_book_5.pdf (author direct upload)
2617,VPS2024,வ்வை ை வ்ய மூ ர் மூரொ =இவ்விைம் முைகமொர்,vvai ai vya muu r muuro =ivviaim muaikamor,Buttermilk available HERE,dairy products,complete,0.68,INDUS_SEALS_READ_in_book_5.pdf (author direct upload)
2630,VPS2024,மீ மீ வ ண்(ண),mii mii va N(Na),,,pending,0.68,INDUS_SEALS_READ_in_book_5.pdf (author direct upload)
2636,VPS2024,மீ மீ ெ ய்,mii mii e y,,,pending,0.68,INDUS_SEALS_READ_in_book_5.pdf (author direct upload)
2639,VPS2024,ஓர் ஆ ொவ்வ,oor aa ovva,,,pending,0.68,INDUS_SEALS_READ_in_book_5.pdf (author direct upload)
2648,VPS2024,மீ மீ ெ ய் த ொழு,mii mii e y tha ozhu,Very Good Ghee Shed,dairy products,complete,0.68,INDUS_SEALS_READ_in_book_5.pdf (author direct upload)
2651,VPS2024,சிவன் (பண்பட்ை வத் ன்),chivan (paNpatai vath n),,,pending,0.68,INDUS_SEALS_READ_in_book_5.pdf (author direct upload)
2653,VPS2024,மீ மீ ளொர் ர ய்ய ஆ,mii mii Lor ra yya aa,,,pending,0.68,INDUS_SEALS_READ_in_book_5.pdf (author direct upload)
2663,VPS2024,மீ மீ ளொர் ர ய்ய ஆ,mii mii Lor ra yya aa,,,pending,0.68,INDUS_SEALS_READ_in_book_5.pdf (author direct upload)
2689,VPS2024,வரி 1- வ வ வயச ஆ,vari 1- va va vayacha aa,,,pending,0.68,INDUS_SEALS_READ_in_book_5.pdf (author direct upload)
2689,VPS2024,வரி 2- ச ச ஆர் = ச சயொர்= யொர்,vari 2- cha cha aar = cha chayor= yor,,,pending,0.68,INDUS_SEALS_READ_in_book_5.pdf (author direct upload)
2698,VPS2024,ஆ ொவ்வ ெொன்கு,aa ovva eonku,,,pending,0.68,INDUS_SEALS_READ_in_book_5.pdf (author direct upload)
2699,VPS2024,வனி ஆ மூரொ,vani aa muuro,,,pending,0.68,INDUS_SEALS_READ_in_book_5.pdf (author direct upload)
2700,VPS2024,இரு ை இனொ ஆ,iru ai ino aa,,,pending,0.68,INDUS_SEALS_READ_in_book_5.pdf (author direct upload)
2847,VPS2024,வயமளொர் ஆ ொவ்வ மூ அய,vayamaLor aa ovva muu aya,,,pending,0.68,INDUS_SEALS_READ_in_book_5.pdf (author direct upload)
2848,VPS2024,ைொ ய் ஆண(ய்),aio y aaNa(y),,,pending,0.68,INDUS_SEALS_READ_in_book_5.pdf (author direct upload)
2856,VPS2024,ஆ ொவ்வ மூ,aa ovva muu,,,pending,0.68,INDUS_SEALS_READ_in_book_5.pdf (author direct upload)
2862,VPS2024,ஆ ொவ்வ மூ,aa ovva muu,,,pending,0.68,INDUS_SEALS_READ_in_book_5.pdf (author direct upload)
2908,VPS2024,ஏழு (இள)ஞொன் அரசன ஆ,eezhu (iLa)nyon arachana aa,,,pending,0.68,INDUS_SEALS_READ_in_book_5.pdf (author direct upload)
2908,VPS2024,ஏழு ஞொன் அரசன ஆ,eezhu nyon arachana aa,,,pending,0.68,INDUS_SEALS_READ_in_book_5.pdf (author direct upload)
2913,VPS2024,இரு ள யண்ண ஆ,iru La yaNNa aa,,,pending,0.68,INDUS_SEALS_READ_in_book_5.pdf (author direct upload)
2950,VPS2024,"ெ(ஆன்கு)ய் = ெய் = தெய் (மு,மூ; ெ,ெொ)","e(aanku)y = ey = they (mu,muu; e,eo)",,,pending,0.68,INDUS_SEALS_READ_in_book_5.pdf (author direct upload)
3016,VPS2024,டி டீ ( ிடீர்)அய் ைொ இள வ்யமூன்,ti tii ( itiir)ay aio iLa vyamuun,Just expressed Fresh Milk,dairy products,complete,0.68,INDUS_SEALS_READ_in_book_5.pdf (author direct upload)
3075,VPS2024,ஓர் ஆ ொவ்வ,oor aa ovva,,,pending,0.68,INDUS_SEALS_READ_in_book_5.pdf (author direct upload)
3095,VPS2024,அரச ஆ ொவ்வ,aracha aa ovva,,,pending,0.68,INDUS_SEALS_READ_in_book_5.pdf (author direct upload)
3118,VPS2024,ஈசொ இரு ணொ ஆ,iicho iru No aa,,,pending,0.68,INDUS_SEALS_READ_in_book_5.pdf (author direct upload)
3159,VPS2024,ெொ ய் ண் = ண்ணெய் = தவண்ணய்,eo y N = NNey = thavaNNay,,,pending,0.68,INDUS_SEALS_READ_in_book_5.pdf (author direct upload)
3246,VPS2024,வய மூ ள ஆ ொவ்வ = மூத் ஆ ொப்கபொன்,vaya muu La aa ovva = muuth aa opkapon,Carer of aged cows,animal husbandry,complete,0.68,INDUS_SEALS_READ_in_book_5.pdf (author direct upload)
3249,VPS2024,ம ணொ ள ஆ ணய்,ma No La aa Nay,,,pending,0.68,INDUS_SEALS_READ_in_book_5.pdf (author direct upload)
3328,VPS2024,வய மூ ட்ை ஆ ஓர் (பசு - ஒருலம),vaya muu tai aa oor (pachu - orulama),,,pending,0.68,INDUS_SEALS_READ_in_book_5.pdf (author direct upload)
3351,VPS2024,மூ ள ய் ஆ (மூ இள ய்மொடு ள்),muu La y aa (muu iLa ymotu L),,,pending,0.68,INDUS_SEALS_READ_in_book_5.pdf (author direct upload)
4022,VPS2024,மீ மீ வன இள ை சொண னி,mii mii vana iLa ai choNa ni,,,pending,0.68,INDUS_SEALS_READ_in_book_5.pdf (author direct upload)
4029,VPS2024,வய ஆ ொவ்வ,vaya aa ovva,,,pending,0.68,INDUS_SEALS_READ_in_book_5.pdf (author direct upload)
4033,VPS2024,மூ வ ல ஆ,muu va la aa,,,pending,0.68,INDUS_SEALS_READ_in_book_5.pdf (author direct upload)
4055,VPS2024,"இரு வ்வன் "" வ்யமூன்","iru vvan "" vyamuun",,,pending,0.68,INDUS_SEALS_READ_in_book_5.pdf (author direct upload)
4056,VPS2024,ை ம ைொ ை ன் = வைிய அலமப்பொளன்,ai ma aio ai n = vaiiya alamappoLan,,,pending,0.68,INDUS_SEALS_READ_in_book_5.pdf (author direct upload)
4084,VPS2024,மூை ஆவ் ஆய் ைொ ய் பசு,muuai aav aay aio y pachu,,,pending,0.68,INDUS_SEALS_READ_in_book_5.pdf (author direct upload)
4166,VPS2024,ஒர் ஆ ொவ்வ,or aa ovva,,,pending,0.68,INDUS_SEALS_READ_in_book_5.pdf (author direct upload)
4262,VPS2024,ை ண ை ன ய்யொ,ai Na ai na yyo,,,pending,0.68,INDUS_SEALS_READ_in_book_5.pdf (author direct upload)
4320,VPS2024,வர ளொர் ய் ஆ ண(ய்),vara Lor y aa Na(y),,,pending,0.68,INDUS_SEALS_READ_in_book_5.pdf (author direct upload)
4347,VPS2024,வரி 1- அரச ஆ ண(ய்),vari 1- aracha aa Na(y),,,pending,0.68,INDUS_SEALS_READ_in_book_5.pdf (author direct upload)
4347,VPS2024,வரி 2- இரு அ ?,vari 2- iru a ?,,,pending,0.68,INDUS_SEALS_READ_in_book_5.pdf (author direct upload)
4354,VPS2024,ம ைொ ை பண்ணொ ை = பண்ணயர் குழுமம்,ma aio ai paNNo ai = paNNayar kuzhumam,,,pending,0.68,INDUS_SEALS_READ_in_book_5.pdf (author direct upload)
4371,VPS2024,ம ைொ ை பண்ணொை ஆ ண(ய்),ma aio ai paNNoai aa Na(y),Order of the Farmers Guild,governance / law,complete,0.68,INDUS_SEALS_READ_in_book_5.pdf (author direct upload)
4430,VPS2024,பண்ணய் ய்யொ ஆ ண(ய்),paNNay yyo aa Na(y),,,pending,0.68,INDUS_SEALS_READ_in_book_5.pdf (author direct upload)
4582,VPS2024,வரி 1 - ைொ பண்ணொ ஆ ண (ய்),vari 1 - aio paNNo aa Na (y),,,pending,0.68,INDUS_SEALS_READ_in_book_5.pdf (author direct upload)
4582,VPS2024,அ ெொ (மூ?) [scribe error?],a eo (muu?) [scribe error?],,,pending,0.68,INDUS_SEALS_READ_in_book_5.pdf (author direct upload)
4590,VPS2024,ஆ ொவ்வ மூ,aa ovva muu,,,pending,0.68,INDUS_SEALS_READ_in_book_5.pdf (author direct upload)
4626,VPS2024,(இ)ள ஞொன் ஆ,(i)La nyon aa,,,pending,0.68,INDUS_SEALS_READ_in_book_5.pdf (author direct upload)
4718,VPS2024,வரி 1- அய் ய அய் ஓ வ்யமூன்,vari 1- ay ya ay oo vyamuun,Panic milk / emergency milk for children,social welfare,complete,0.68,INDUS_SEALS_READ_in_book_5.pdf (author direct upload)
4718,VPS2024,வரி 2- அம்மூ = குழந்ல ள் உணவு,vari 2- ammuu = kuzhanla L uNavu,Panic milk / emergency milk for children,social welfare,complete,0.68,INDUS_SEALS_READ_in_book_5.pdf (author direct upload)
4718,VPS2024,பொல். வரி 2- அ ம்மூ=குழந்ல உணவு,pol. vari 2- a mmuu=kuzhanla uNavu,Panic milk / emergency milk for children,social welfare,complete,0.68,INDUS_SEALS_READ_in_book_5.pdf (author direct upload)
5119,VPS2024,வ வ மூை ஆ த ொழு,va va muuai aa tha ozhu,Shed for aged cattle,animal welfare,complete,0.68,INDUS_SEALS_READ_in_book_5.pdf (author direct upload)
5274,VPS2024,வரி 1 - இை இைம ஆண(ய்),vari 1 - iai iaima aaNa(y),,,pending,0.68,INDUS_SEALS_READ_in_book_5.pdf (author direct upload)
5274,VPS2024,வரி 2 - அ ம்மூ,vari 2 - a mmuu,,,pending,0.68,INDUS_SEALS_READ_in_book_5.pdf (author direct upload)
5305,VPS2024,ர ஆ ண வ்வ அய்,ra aa Na vva ay,,,pending,0.68,INDUS_SEALS_READ_in_book_5.pdf (author direct upload)
5443,VPS2024,ளொர் ஆ ண(ய்),Lor aa Na(y),,,pending,0.68,INDUS_SEALS_READ_in_book_5.pdf (author direct upload)
5461,VPS2024,வரி 1 - ண்ண ள ய்யொ ஆ ண(ய்),vari 1 - NNa La yyo aa Na(y),,,pending,0.68,INDUS_SEALS_READ_in_book_5.pdf (author direct upload)
6213,VPS2024,ஓ ை ண்ணொ ஆ,oo ai NNo aa,,,pending,0.68,INDUS_SEALS_READ_in_book_5.pdf (author direct upload)
7002,VPS2024,ஆ ொவ்வ மூ,aa ovva muu,,,pending,0.68,INDUS_SEALS_READ_in_book_5.pdf (author direct upload)
7040,VPS2024,ஆ ொவ்வ அய்,aa ovva ay,,,pending,0.68,INDUS_SEALS_READ_in_book_5.pdf (author direct upload)
7078,VPS2024,ண ெ ய் = ணண்ெய்= தவண்ணய்,Na e y = NaNey= thavaNNay,,,pending,0.68,INDUS_SEALS_READ_in_book_5.pdf (author direct upload)
8031,VPS2024,ய் ெ = தெய்,y e = they,,,pending,0.68,INDUS_SEALS_READ_in_book_5.pdf (author direct upload)
8041,VPS2024,மூ ள ஆ ொவ்வ (ள ர- ர மயக் ம்),muu La aa ovva (La ra- ra mayak m),,,pending,0.68,INDUS_SEALS_READ_in_book_5.pdf (author direct upload)
8117,VPS2024,க ொழி (ஊர்) ஆ ண(ய்),ka ozhi (uur) aa Na(y),,,pending,0.68,INDUS_SEALS_READ_in_book_5.pdf (author direct upload)
9091,VPS2024,"வ ம ய "" ெ ய் = சிறந் மணமுலைய தெய்","va ma ya "" e y = chiRan maNamulaiya they",,,pending,0.68,INDUS_SEALS_READ_in_book_5.pdf (author direct upload)
9811,VPS2024,"ம ம வயய் "" ெய் = ம மவொய தெய்","ma ma vayay "" ey = ma mavoya they",,,pending,0.68,INDUS_SEALS_READ_in_book_5.pdf (author direct upload)
