seal_corpus_id,position,parpola_sign_id,features_raw,reading_direction
M-1A,0,P121,"[0, 1, 0, 1]",ltr
M-1A,1,P202,"[0, 1, 0, 0, 3]",ltr
M-1A,2,P385,"[0, 1, 0, 1]",ltr
M-1A,3,P073,"[0, 1, 0, 2, 1]",ltr
M-1A,4,P108,"[0, 1, 0, 0, 1, 0]",ltr
M-3A,0,P320,"[0, 1, 0, 3]",ltr
M-3A,1,P145,"[0, 1, 0]",ltr
M-3A,2,P094,"[0, 1, 0]",ltr
M-4A,0,P205,"[1410, 1, 10, 3, 4, 0, 2, 0]",ltr
M-4A,1,P186,"[0, 1, 10, 0, 0, 0, 0, 0]",ltr
M-4A,2,P147,"[0, 1, 0]",ltr
M-4A,3,P316,"[0, 1, 0, 1, 1, 1, 0]",ltr
M-4A,4,P056,"[0, 1, 0, 1]",ltr
M-4A,5,P122,"[0, 1, 0, 0]",ltr
M-4A,6,P237,"[0, 1, 0]",ltr
M-4A,7,P268,"[0, 1, 0, 2, 4]",ltr
M-4A,8,P268,"[0, 1, 0, 2, 4]",ltr
M-4A,9,P147,"[0, 1, 0]",ltr
M-5A,0,P324,"[80, 1, 50, 2, 0, 2, 1, 0]",ltr
M-5A,1,P096,"[20, 1, 10, 5, 3, 1]",ltr
M-5A,2,P062,"[10, 1, 0, 2, 0]",ltr
M-5A,3,P060,"[10, 1, 20]",ltr
M-5A,4,P120,"[0, 1, 0, 1, 0]",ltr
M-5A,5,P256,"[10, 1, 10, 1]",ltr
M-6A,0,P378,"[0, 1, 0, 0]",ltr
M-6A,1,P384,"[0, 1, 0]",ltr
M-6A,2,P201,"[0, 1, 0, 0]",ltr
M-6A,3,P065,"[0, 1, 0]",ltr
M-7A,0,P086,"[0, 1, 0, 2, 4, 2, 1]",ltr
M-7A,1,P352,"[0, 1, 0, 1, 0]",ltr
M-7A,2,P011,"[0, 1, 0, 0]",ltr
M-7A,3,P324,"[0, 1, 0, 0, 0, 1, 1, 0]",ltr
M-7A,4,P154,"[0, 1, 0, 0]",ltr
M-7A,5,P009,"[0, 1, 0, 1]",ltr
M-7A,6,P154,"[0, 1, 0, 0]",ltr
M-7A,7,P175,"[0, 1, 0]",ltr
M-7A,8,P062,"[0, 1, 0, 2, 0]",ltr
M-7A,9,P122,"[0, 1, 0, 0]",ltr
M-7A,10,P385,"[0, 1, 0, 1]",ltr
M-8A,0,P316,"[0, 1, 0, 1, 0, 0, 2]",ltr
M-8A,1,P011,"[0, 1, 0, 0]",ltr
M-8A,2,P270,"[0, 1, 0, 3, 0]",ltr
M-9A,0,P144,"[0, 1, 0]",ltr
M-9A,1,P205,"[0, 1, 0, 3, 3, 1, 0, 1]",ltr
M-9A,2,P327,"[0, 1, 0, 1, 2, 1, 1, 0, 0]",ltr
M-10A,0,P086,"[0, 1, 0, 2, 3, 2, 0]",ltr
M-10A,1,P204,"[0, 1, 0, 0, 1]",ltr
M-10A,2,P114,"[0, 1, 0, 1]",ltr
M-10A,3,P151,"[0, 1, 0]",ltr
M-10A,4,P316,"[0, 1, 0, 1, 0, 0, 2]",ltr
M-10A,5,P060,"[0, 1, 0]",ltr
M-10A,6,P364,"[0, 1, 0, 2, 0]",ltr
M-10A,7,P122,"[0, 1, 0, 0]",ltr
M-10A,8,P067,"[0, 1, 0, 0, 1, 1, 1]",ltr
M-10A,9,P221,"[20, 1, 30, 0]",ltr
M-12A,0,P324,"[20, 1, 30, 0, 0, 1, 1, 0]",ltr
M-12A,1,P086,"[0, 1, 0, 3, 1, 0, 0]",ltr
M-12A,2,P276,"[0, 1, 0]",ltr
M-12A,3,P058,"[0, 1, 0, 1]",ltr
M-12A,4,P122,"[0, 1, 0, 0]",ltr
M-12A,5,P202,"[0, 1, 0, 1, 2]",ltr
M-12A,6,P386,"[0, 1, 0, 0]",ltr
M-12A,7,P182,"[0, 1, 0, 1, 1]",ltr
M-12A,8,P108,"[0, 1, 0, 0, 1, 0]",ltr
M-13A,0,P202,"[0, 1, 0, 0, 3]",ltr
M-13A,1,P205,"[0, 1, 0, 3, 5, 1, 13, 0]",ltr
M-13A,2,P035,"[0, 1, 0, 1, 1]",ltr
M-14A,0,P324,"[10, 1, 10, 1, 0, 0, 1, 0]",ltr
M-14A,1,P117,"[0, 1, 0, 0]",ltr
M-14A,2,P210,"[0, 1, 0, 6]",ltr
M-14A,3,P122,"[0, 1, 0, 0]",ltr
M-14A,4,P385,"[0, 1, 0, 0]",ltr
M-15A,0,P013,"[10, 1, 10]",ltr
M-15A,1,P324,"[0, 1, 0, 1, 0, 2, 1, 0]",ltr
M-15A,2,P194,"[0, 1, 0, 4, 0, 0]",ltr
M-15A,3,P122,"[0, 1, 0, 0]",ltr
M-15A,4,P385,"[0, 1, 0, 1]",ltr
M-16A,0,P378,"[0, 1, 0, 0]",ltr
M-16A,1,P026,"[0, 1, 0, 5]",ltr
M-16A,2,P151,"[0, 1, 0]",ltr
M-16A,3,P346,"[0, 1, 0]",ltr
M-17A,0,P086,"[10, 1, 10, 3, 1, 0, 0]",ltr
M-17A,1,P126,"[0, 1, 0, 0, 0]",ltr
M-17A,2,P122,"[0, 1, 0, 0]",ltr
M-17A,3,P369,"[0, 1, 0, 2]",ltr
M-17A,4,P232,"[0, 1, 0, 0]",ltr
M-18A,0,P341,"[0, 1, 0, 1]",ltr
M-18A,1,P324,"[0, 1, 0, 1, 0, 0, 1, 0]",ltr
M-18A,2,P142,"[0, 1, 0]",ltr
M-19A,0,P000,"[0, 1, 0, 75]",ltr
M-19A,1,P122,"[50, 1, 40, 0]",ltr
M-19A,2,P385,"[0, 1, 0, 1]",ltr
M-20A,0,P086,"[30, 1, 20, 3, 1, 0, 0]",ltr
M-20A,1,P125,"[20, 1, 10, 2, 1]",ltr
M-20A,2,P122,"[0, 1, 0, 0]",ltr
M-20A,3,P385,"[0, 1, 0, 1]",ltr
M-20A,4,P147,"[10, 1, 10]",ltr
M-20A,5,P147,"[10, 1, 10]",ltr
M-20A,6,P215,"[0, 1, 0, 1, 0]",ltr
M-20A,7,P275,"[0, 1, 0, 0, 0, 2]",ltr
M-21A,0,P091,"[0, 1, 0, 3, 0, 0]",ltr
M-21A,1,P121,"[0, 1, 0, 1]",ltr
M-21A,2,P324,"[0, 1, 0, 1, 0, 0, 1, 0]",ltr
M-21A,3,P272,"[0, 1, 0, 0]",ltr
M-21A,4,P256,"[0, 1, 0, 0]",ltr
M-21A,5,P145,"[0, 1, 0]",ltr
M-21A,6,P122,"[0, 1, 0, 0]",ltr
M-21A,7,P385,"[0, 1, 0, 1]",ltr
M-22A,0,P324,"[30, 1, 10, 1, 0, 2, 1, 0]",ltr
M-22A,1,P172,"[0, 1, 0, 0]",ltr
M-22A,2,P194,"[0, 1, 0, 4, 0, 0]",ltr
M-22A,3,P050,"[10, 1, 10]",ltr
M-22A,4,P145,"[10, 1, 10]",ltr
M-22A,5,P230,"[20, 1, 10, 0, 0, 0, 1]",ltr
M-22A,6,P000,"[0, 1, 0, 15]",ltr
M-23A,0,P324,"[10, 1, 10, 1, 0, 0, 1, 0]",ltr
M-23A,1,P197,"[0, 1, 0]",ltr
M-23A,2,P120,"[0, 1, 0, 0, 1]",ltr
M-23A,3,P256,"[0, 1, 0, 0]",ltr
M-23A,4,P217,"[0, 1, 0, 0]",ltr
M-23A,5,P050,"[0, 1, 0]",ltr
M-23A,6,P060,"[0, 1, 0]",ltr
M-23A,7,P121,"[0, 1, 0, 1]",ltr
M-23A,8,P160,"[50, 1, 40]",ltr
M-23A,9,P350,"[0, 2, 0, 0]",ltr
M-23A,10,P390,"[10, 2, 20, 1, 1]",ltr
M-23A,11,P076,"[0, 2, 0, 0, 1, 8]",ltr
M-23A,12,P202,"[0, 2, 0, 1, 3]",ltr
M-24A,0,P013,"[0, 1, 0]",ltr
M-24A,1,P324,"[0, 1, 0, 1, 0, 1, 1, 0]",ltr
M-24A,2,P062,"[0, 1, 0, 1, 0]",ltr
M-24A,3,P060,"[0, 1, 0]",ltr
M-24A,4,P122,"[0, 1, 0, 0]",ltr
M-24A,5,P174,"[0, 1, 0]",ltr
M-24A,6,P011,"[30, 1, 70, 0]",ltr
M-25A,0,P268,"[10, 1, 0, 2, 7]",ltr
M-25A,1,P268,"[20, 1, 10, 2, 7]",ltr
M-25A,2,P050,"[0, 1, 50]",ltr
M-25A,3,P316,"[0, 1, 0, 0, 0, 1, 2]",ltr
M-25A,4,P276,"[0, 1, 0]",ltr
M-26A,0,P013,"[0, 1, 0]",ltr
M-26A,1,P324,"[0, 1, 0, 1, 0, 2, 1, 0]",ltr
M-26A,2,P228,"[0, 1, 0, 1, 0]",ltr
M-26A,3,P120,"[0, 1, 0, 0, 1]",ltr
M-26A,4,P256,"[0, 1, 0, 1]",ltr
M-27A,0,P238,"[0, 1, 0]",ltr
M-27A,1,P060,"[0, 1, 0]",ltr
M-27A,2,P364,"[0, 1, 0, 3, 0]",ltr
M-27A,3,P325,"[0, 1, 0, 1, 0, 0, 1, 0]",ltr
M-27A,4,P311,"[0, 1, 0, 0, 0]",ltr
M-27A,5,P154,"[0, 1, 0, 0]",ltr
M-27A,6,P123,"[80, 1, 50, 0]",ltr
M-28A,0,P000,"[0, 1, 0, 10]",ltr
M-28A,1,P103,"[0, 1, 0]",ltr
M-28A,2,P324,"[0, 1, 0, 1, 0, 0, 1, 0]",ltr
M-28A,3,P332,"[0, 1, 0, 2, 0, 3, 0]",ltr
M-28A,4,P349,"[0, 1, 0]",ltr
M-28A,5,P095,"[0, 1, 0, 5]",ltr
M-28A,6,P122,"[0, 1, 0, 0]",ltr
M-28A,7,P385,"[0, 1, 0, 1]",ltr
M-29A,0,P324,"[10, 1, 0, 0, 0, 1, 1, 0]",ltr
M-29A,1,P142,"[0, 1, 0]",ltr
M-29A,2,P062,"[0, 1, 0, 1, 0]",ltr
M-29A,3,P060,"[0, 1, 0]",ltr
M-29A,4,P364,"[0, 1, 0, 3, 1]",ltr
M-29A,5,P122,"[0, 1, 0, 0]",ltr
M-29A,6,P050,"[0, 1, 0]",ltr
M-29A,7,P221,"[0, 1, 0, 0]",ltr
M-29A,8,P210,"[20, 1, 20, 3]",ltr
M-30A,0,P324,"[0, 1, 0, 0, 0, 1, 1, 0]",ltr
M-30A,1,P332,"[0, 1, 0, 2, 1, 2, 1]",ltr
M-30A,2,P127,"[0, 1, 0, 0, 0]",ltr
M-30A,3,P210,"[0, 1, 0, 4]",ltr
M-30A,4,P062,"[0, 1, 0, 1, 0]",ltr
M-30A,5,P060,"[0, 1, 0]",ltr
M-30A,6,P364,"[0, 1, 0, 3, 1]",ltr
M-31A,0,P324,"[40, 1, 50, 1, 0, 0, 1, 0]",ltr
M-31A,1,P067,"[0, 1, 0, 0, 1, 1, 0]",ltr
M-31A,2,P275,"[0, 1, 0, 1, 1, 1]",ltr
M-31A,3,P058,"[0, 1, 0, 1]",ltr
M-31A,4,P120,"[0, 1, 0, 0, 1]",ltr
M-31A,5,P378,"[0, 1, 0, 0]",ltr
M-32A,0,P086,"[0, 1, 0, 3, 1, 0, 0]",ltr
M-32A,1,P123,"[0, 1, 0, 2]",ltr
M-32A,2,P122,"[0, 1, 0, 0]",ltr
M-32A,3,P385,"[0, 1, 0, 0]",ltr
M-33A,0,P324,"[20, 1, 10, 1, 0, 0, 1, 0]",ltr
M-33A,1,P145,"[0, 1, 0]",ltr
M-33A,2,P175,"[0, 1, 0]",ltr
M-33A,3,P111,"[0, 1, 0, 1]",ltr
M-33A,4,P058,"[0, 1, 0, 1]",ltr
M-33A,5,P122,"[0, 1, 0, 0]",ltr
M-33A,6,P041,"[0, 1, 0]",ltr
M-34A,0,P324,"[0, 1, 0, 1, 0, 1, 1, 0]",ltr
M-34A,1,P309,"[0, 1, 0, 1, 2, 1, 1]",ltr
M-34A,2,P194,"[0, 1, 0, 4, 0, 0]",ltr
M-34A,3,P122,"[0, 1, 0, 0]",ltr
M-34A,4,P086,"[0, 1, 0, 2, 3, 2, 0]",ltr
M-34A,5,P108,"[0, 1, 0, 0, 0, 0]",ltr
M-34A,6,P103,"[0, 1, 0]",ltr
M-35A,0,P324,"[0, 1, 0, 1, 0, 1, 1, 0]",ltr
M-35A,1,P086,"[0, 1, 0, 2, 3, 2, 0]",ltr
M-35A,2,P276,"[0, 1, 0]",ltr
M-35A,3,P058,"[0, 1, 0, 1]",ltr
M-35A,4,P056,"[0, 1, 0, 1]",ltr
M-35A,5,P122,"[0, 1, 0, 0]",ltr
M-35A,6,P007,"[0, 1, 0, 1]",ltr
M-36A,0,P324,"[40, 1, 50, 1, 0, 1, 1, 0]",ltr
M-36A,1,P358,"[10, 1, 0]",ltr
M-36A,2,P270,"[0, 1, 0, 2, 0]",ltr
M-36A,3,P050,"[0, 1, 0]",ltr
M-36A,4,P145,"[0, 1, 0]",ltr
M-36A,5,P122,"[0, 1, 0, 0]",ltr
M-36A,6,P202,"[0, 1, 0, 1, 2]",ltr
M-36A,7,P174,"[0, 1, 0]",ltr
M-36A,8,P307,"[0, 1, 0, 3]",ltr
M-37A,0,P217,"[0, 1, 0, 0]",ltr
M-37A,1,P050,"[0, 1, 0]",ltr
M-37A,2,P092,"[0, 1, 0, 5]",ltr
M-38A,0,P324,"[10, 1, 10, 1, 0, 0, 1, 0]",ltr
M-38A,1,P256,"[0, 1, 0, 0]",ltr
M-38A,2,P188,"[0, 1, 0, 0, 0]",ltr
M-38A,3,P073,"[0, 1, 0, 1, 1]",ltr
M-38A,4,P050,"[0, 1, 0]",ltr
M-38A,5,P145,"[0, 1, 0]",ltr
M-38A,6,P062,"[0, 1, 0, 1, 0]",ltr
M-38A,7,P060,"[0, 1, 0]",ltr
M-38A,8,P122,"[0, 1, 0, 0]",ltr
M-38A,9,P086,"[0, 1, 0, 3, 1, 0, 0]",ltr
M-38A,10,P035,"[10, 1, 20, 0, 0]",ltr
M-38A,11,P270,"[0, 1, 0, 3, 0]",ltr
M-38A,12,P145,"[40, 1, 50]",ltr
M-39A,0,P000,"[0, 1, 0, 15]",ltr
M-39A,1,P316,"[40, 1, 50, 0, 1, 1, 0]",ltr
M-39A,2,P062,"[0, 1, 0, 1, 0]",ltr
M-39A,3,P060,"[0, 1, 0]",ltr
M-39A,4,P139,"[0, 1, 0]",ltr
M-39A,5,P083,"[10, 1, 10, 3]",ltr
M-39A,6,P303,"[30, 1, 50, 2, 1, 0]",ltr
M-40A,0,P089,"[10, 1, 10]",ltr
M-40A,1,P122,"[0, 1, 0, 0]",ltr
M-40A,2,P301,"[0, 1, 0, 1, 0]",ltr
M-40A,3,P186,"[0, 1, 0, 1, 3, 2, 1, 3]",ltr
M-40A,4,P125,"[0, 1, 0, 1, 1]",ltr
M-41A,0,P324,"[0, 1, 0, 1, 0, 2, 1, 0]",ltr
M-41A,1,P270,"[0, 1, 0, 2, 2]",ltr
M-41A,2,P062,"[0, 1, 0, 1, 0]",ltr
M-41A,3,P060,"[0, 1, 0]",ltr
M-41A,4,P122,"[0, 1, 0, 0]",ltr
M-41A,5,P086,"[0, 1, 0, 2, 3, 2, 0]",ltr
M-41A,6,P035,"[0, 1, 0, 0, 0]",ltr
M-41A,7,P378,"[20, 1, 10, 0]",ltr
M-42A,0,P301,"[0, 1, 0, 2, 0]",ltr
M-42A,1,P230,"[0, 1, 0, 1, 0, 0, 1]",ltr
M-42A,2,P062,"[0, 1, 0, 1, 0]",ltr
M-42A,3,P122,"[0, 1, 0, 0]",ltr
M-42A,4,P385,"[0, 1, 0, 0]",ltr
M-43A,0,P324,"[0, 1, 0, 1, 0, 1, 1, 0]",ltr
M-43A,1,P230,"[0, 1, 0, 0, 0, 0, 1]",ltr
M-43A,2,P056,"[0, 1, 0, 0]",ltr
M-43A,3,P122,"[0, 1, 0, 0]",ltr
M-43A,4,P142,"[0, 1, 0]",ltr
M-43A,5,P360,"[0, 1, 0, 5, 1]",ltr
M-44A,0,P324,"[0, 1, 0, 1, 0, 0, 1, 0]",ltr
M-44A,1,P332,"[0, 1, 0, 2, 0, 0, 0]",ltr
M-44A,2,P147,"[0, 1, 0]",ltr
M-44A,3,P316,"[0, 1, 0, 0, 1, 0, 0]",ltr
M-44A,4,P364,"[0, 1, 20, 3, 0]",ltr
M-44A,5,P122,"[0, 1, 0, 0]",ltr
M-44A,6,P154,"[0, 1, 0, 0]",ltr
M-44A,7,P296,"[0, 1, 0, 3]",ltr
M-45A,0,P268,"[0, 1, 0, 2, 3]",ltr
M-45A,1,P268,"[0, 1, 0, 2, 3]",ltr
M-45A,2,P372,"[0, 1, 0, 3]",ltr
M-45A,3,P139,"[0, 1, 0]",ltr
M-45A,4,P205,"[0, 1, 0, 3, 4, 1, 1, 0]",ltr
M-45A,5,P349,"[0, 1, 0]",ltr
M-45A,6,P145,"[0, 1, 0]",ltr
M-46A,0,P324,"[0, 1, 0, 1, 0, 1, 1, 0]",ltr
M-46A,1,P230,"[0, 1, 0, 0, 0, 0, 1]",ltr
M-46A,2,P062,"[0, 1, 0, 1, 0]",ltr
M-46A,3,P060,"[0, 1, 0]",ltr
M-46A,4,P122,"[0, 1, 0, 0]",ltr
M-46A,5,P050,"[0, 1, 0]",ltr
M-46A,6,P201,"[0, 1, 0, 0]",ltr
M-46A,7,P353,"[0, 1, 0, 0]",ltr
M-47A,0,P324,"[30, 1, 20, 1, 0, 2, 1, 0]",ltr
M-47A,1,P332,"[0, 1, 0, 3, 0, 0, 0]",ltr
M-47A,2,P060,"[0, 1, 0]",ltr
M-47A,3,P122,"[0, 1, 0, 0]",ltr
M-47A,4,P385,"[0, 1, 0, 1]",ltr
M-48A,0,P086,"[0, 1, 0, 3, 1, 0, 0]",ltr
M-48A,1,P378,"[0, 1, 0, 0]",ltr
M-48A,2,P215,"[0, 1, 0, 0, 1]",ltr
M-48A,3,P120,"[0, 1, 0, 0, 0]",ltr
M-48A,4,P202,"[0, 1, 0, 1, 2]",ltr
M-48A,5,P154,"[20, 1, 40, 0]",ltr
M-49A,0,P000,"[0, 1, 0, 10]",ltr
M-49A,1,P230,"[0, 1, 0, 1, 0, 0, 2]",ltr
M-49A,2,P062,"[20, 1, 10, 1, 0]",ltr
M-49A,3,P050,"[0, 1, 0]",ltr
M-49A,4,P145,"[0, 1, 0]",ltr
M-49A,5,P122,"[0, 1, 0, 0]",ltr
M-49A,6,P205,"[0, 1, 0, 2, 4, 1, 1, 0]",ltr
M-49A,7,P091,"[0, 1, 0, 3, 0, 0]",ltr
M-49A,8,P145,"[0, 1, 0]",ltr
M-49A,9,P076,"[0, 1, 0, 1, 0, 8]",ltr
M-50A,0,P324,"[20, 1, 20, 1, 0, 2, 1, 0]",ltr
M-50A,1,P288,"[0, 1, 0]",ltr
M-50A,2,P127,"[0, 1, 0, 0, 0]",ltr
M-50A,3,P147,"[0, 1, 0]",ltr
M-50A,4,P316,"[0, 1, 0, 1, 1, 1, 0]",ltr
M-50A,5,P062,"[0, 1, 0, 1, 0]",ltr
M-50A,6,P230,"[0, 1, 0, 0, 0, 0, 0]",ltr
M-50A,7,P122,"[0, 1, 0, 0]",ltr
M-50A,8,P000,"[0, 1, 0, 10]",ltr
M-51A,0,P324,"[20, 1, 20, 1, 0, 1, 1, 0]",ltr
M-51A,1,P230,"[20, 1, 10, 0, 0, 0, 2]",ltr
M-51A,2,P215,"[10, 1, 10, 1, 0]",ltr
M-51A,3,P091,"[0, 1, 0, 3, 0, 0]",ltr
M-51A,4,P060,"[0, 1, 0]",ltr
M-51A,5,P324,"[0, 1, 0, 1, 0, 1, 1, 0]",ltr
M-51A,6,P086,"[0, 1, 0, 3, 1, 0, 0]",ltr
M-51A,7,P011,"[30, 1, 20, 1]",ltr
M-52A,0,P324,"[20, 1, 20, 1, 0, 0, 1, 0]",ltr
M-52A,1,P172,"[0, 1, 0, 0]",ltr
M-52A,2,P145,"[0, 1, 0]",ltr
M-52A,3,P050,"[0, 1, 0]",ltr
M-52A,4,P092,"[0, 1, 0, 5]",ltr
M-52A,5,P060,"[0, 1, 0]",ltr
M-52A,6,P364,"[0, 1, 0, 3, 0]",ltr
M-52A,7,P122,"[0, 1, 0, 0]",ltr
M-52A,8,P211,"[0, 1, 0, 2]",ltr
M-52A,9,P320,"[30, 1, 10, 3]",ltr
M-53A,0,P013,"[10, 1, 30]",ltr
M-53A,1,P324,"[0, 1, 0, 1, 0, 0, 1, 0]",ltr
M-53A,2,P050,"[0, 1, 0]",ltr
M-53A,3,P126,"[0, 1, 0, 0, 0]",ltr
M-53A,4,P122,"[0, 1, 0, 0]",ltr
M-53A,5,P205,"[0, 1, 0, 3, 4, 1, 1, 0]",ltr
M-53A,6,P076,"[0, 1, 0, 1, 0, 8]",ltr
M-53A,7,P154,"[0, 1, 0, 0]",ltr
M-53A,8,P011,"[0, 1, 0, 0]",ltr
M-54A,0,P051,"[30, 1, 20]",ltr
M-54A,1,P062,"[10, 1, 10, 1, 0]",ltr
M-54A,2,P147,"[20, 1, 0]",ltr
M-54A,3,P316,"[20, 1, 10, 0, 1, 0, 0]",ltr
M-54A,4,P230,"[0, 1, 0, 0, 0, 0, 0]",ltr
M-54A,5,P122,"[0, 1, 0, 0]",ltr
M-54A,6,P378,"[0, 1, 0, 0]",ltr
M-55A,0,P000,"[0, 1, 0, 10]",ltr
M-55A,1,P332,"[20, 1, 50, 3, 0, 0, 0]",ltr
M-55A,2,P215,"[0, 1, 0, 0, 0]",ltr
M-55A,3,P275,"[0, 1, 0, 1, 1, 0]",ltr
M-55A,4,P121,"[0, 1, 0, 0]",ltr
M-55A,5,P256,"[0, 1, 0, 1]",ltr
M-56A,0,P324,"[40, 1, 30, 1, 0, 2, 1, 0]",ltr
M-56A,1,P382,"[10, 1, 10]",ltr
M-56A,2,P145,"[0, 1, 0]",ltr
M-56A,3,P060,"[0, 1, 0]",ltr
M-56A,4,P120,"[0, 1, 50, 2, 1]",ltr
M-56A,5,P230,"[0, 1, 0, 1, 0, 0, 1]",ltr
M-56A,6,P281,"[0, 1, 0]",ltr
M-56A,7,P349,"[0, 1, 0]",ltr
M-57A,0,P051,"[0, 1, 0]",ltr
M-57A,1,P145,"[0, 1, 0]",ltr
M-57A,2,P056,"[20, 1, 40, 0]",ltr
M-57A,3,P230,"[0, 1, 0, 0, 0, 0, 1]",ltr
M-57A,4,P122,"[0, 1, 0, 0]",ltr
M-57A,5,P258,"[0, 1, 0, 0, 3]",ltr
M-58A,0,P324,"[0, 1, 0, 1, 0, 0, 1, 0]",ltr
M-58A,1,P215,"[0, 1, 0, 0, 0]",ltr
M-58A,2,P210,"[0, 1, 0, 7]",ltr
M-58A,3,P122,"[0, 1, 0, 0]",ltr
M-58A,4,P385,"[0, 1, 0, 0]",ltr
M-59A,0,P202,"[0, 1, 0, 0, 2]",ltr
M-59A,1,P123,"[0, 1, 0, 1]",ltr
M-59A,2,P326,"[0, 1, 0, 1, 0, 0, 1, 0, 0]",ltr
M-59A,3,P120,"[0, 1, 0, 2, 1]",ltr
M-59A,4,P160,"[0, 1, 0]",ltr
M-60A,0,P001,"[20, 1, 70, 0, 0]",ltr
M-60A,1,P000,"[0, 1, 0, 40]",ltr
M-61A,0,P324,"[30, 1, 20, 1, 0, 1, 1, 0]",ltr
M-61A,1,P251,"[30, 1, 90, 1]",ltr
M-61A,2,P056,"[0, 1, 0, 1]",ltr
M-61A,3,P050,"[0, 1, 0]",ltr
M-61A,4,P221,"[0, 1, 0, 0]",ltr
M-61A,5,P268,"[0, 1, 0, 3, 4]",ltr
M-61A,6,P246,"[0, 1, 0]",ltr
M-62A,0,P051,"[0, 1, 0]",ltr
M-62A,1,P122,"[0, 1, 0, 1]",ltr
M-62A,2,P325,"[0, 1, 0, 1, 0, 1, 1, 0]",ltr
M-62A,3,P230,"[0, 1, 0, 1, 0, 0, 1]",ltr
M-62A,4,P310,"[0, 1, 0, 1, 0]",ltr
M-62A,5,P234,"[0, 1, 0]",ltr
M-63A,0,P301,"[0, 1, 0, 3, 1]",ltr
M-63A,1,P230,"[0, 1, 0, 1, 1, 0, 1]",ltr
M-63A,2,P120,"[0, 1, 0, 2, 0]",ltr
M-63A,3,P230,"[0, 1, 0, 1, 0, 0, 1]",ltr
M-64A,0,P217,"[0, 1, 0, 0]",ltr
M-64A,1,P147,"[0, 1, 0]",ltr
M-64A,2,P316,"[0, 1, 0, 0, 1, 1, 0]",ltr
M-64A,3,P120,"[0, 1, 0, 0, 1]",ltr
M-64A,4,P050,"[0, 1, 0]",ltr
M-64A,5,P124,"[0, 1, 0, 1, 0]",ltr
M-65A,0,P217,"[0, 1, 0, 0]",ltr
M-65A,1,P050,"[0, 1, 0]",ltr
M-65A,2,P144,"[0, 1, 0]",ltr
M-65A,3,P121,"[0, 1, 0, 0]",ltr
M-65A,4,P316,"[0, 1, 0, 1, 1, 0, 2]",ltr
M-65A,5,P289,"[0, 1, 0, 2]",ltr
M-66A,0,P086,"[0, 1, 0, 3, 1, 0, 0]",ltr
M-66A,1,P276,"[0, 1, 0]",ltr
M-66A,2,P060,"[0, 1, 0]",ltr
M-66A,3,P122,"[0, 1, 0, 0]",ltr
M-66A,4,P103,"[0, 1, 0]",ltr
M-66A,5,P206,"[0, 1, 0, 1, 1]",ltr
M-66A,6,P091,"[0, 1, 0, 3, 1, 0]",ltr
M-66A,7,P324,"[0, 2, 0, 1, 0, 1, 1, 0]",ltr
M-67A,0,P324,"[10, 1, 10, 1, 0, 1, 1, 0]",ltr
M-67A,1,P342,"[0, 1, 0]",ltr
M-67A,2,P154,"[0, 1, 0, 0]",ltr
M-67A,3,P120,"[0, 1, 0, 2, 0]",ltr
M-67A,4,P040,"[0, 1, 0, 1, 1]",ltr
M-67A,5,P289,"[0, 1, 0, 1]",ltr
M-67A,6,P223,"[0, 2, 0, 0, 3]",ltr
M-68A,0,P013,"[0, 1, 0]",ltr
M-68A,1,P324,"[0, 1, 0, 1, 0, 1, 1, 1]",ltr
M-68A,2,P194,"[0, 1, 0, 3, 0, 0]",ltr
M-68A,3,P326,"[0, 1, 0, 1, 0, 1, 1, 0, 0]",ltr
M-68A,4,P120,"[0, 1, 0, 2, 1]",ltr
M-68A,5,P160,"[0, 1, 0]",ltr
M-68A,6,P260,"[0, 2, 0, 1]",ltr
M-68A,7,P047,"[0, 2, 0, 0]",ltr
M-69A,0,P324,"[10, 1, 20, 1, 0, 2, 1, 2]",ltr
M-69A,1,P364,"[0, 1, 0, 2, 1]",ltr
M-69A,2,P056,"[0, 1, 0, 1]",ltr
M-69A,3,P120,"[0, 1, 0, 2, 0]",ltr
M-69A,4,P256,"[0, 1, 0, 1]",ltr
M-70A,0,P051,"[20, 1, 40]",ltr
M-70A,1,P145,"[0, 1, 0]",ltr
M-70A,2,P122,"[0, 1, 0, 1]",ltr
M-70A,3,P086,"[0, 1, 0, 3, 1, 0, 0]",ltr
M-70A,4,P256,"[60, 1, 30, 0]",ltr
M-71A,0,P001,"[20, 1, 40, 0, 1]",ltr
M-71A,1,P108,"[0, 1, 0, 1, 0, 1]",ltr
M-71A,2,P031,"[0, 1, 0]",ltr
M-71A,3,P122,"[0, 1, 0, 1]",ltr
M-71A,4,P086,"[0, 1, 0, 3, 1, 0, 0]",ltr
M-71A,5,P023,"[0, 1, 0, 0]",ltr
M-72A,0,P324,"[0, 1, 0, 1, 1, 0, 1, 1]",ltr
M-72A,1,P073,"[0, 1, 0, 1, 0]",ltr
M-72A,2,P316,"[0, 1, 0, 1, 0, 1, 0]",ltr
M-72A,3,P011,"[0, 1, 0, 1]",ltr
M-72A,4,P125,"[20, 1, 40, 0, 0]",ltr
M-72A,5,P385,"[0, 1, 0, 1]",ltr
M-73A,0,P098,"[0, 1, 0, 5, 0, 0]",ltr
M-73A,1,P217,"[0, 1, 0, 0]",ltr
M-73A,2,P181,"[0, 1, 0, 0]",ltr
M-73A,3,P000,"[0, 1, 0, 20]",ltr
M-74A,0,P280,"[30, 1, 10, 3]",ltr
M-74A,1,P289,"[0, 1, 0, 1]",ltr
M-74A,2,P316,"[0, 1, 0, 1, 0, 0, 1]",ltr
M-74A,3,P011,"[0, 1, 0, 0]",ltr
M-75A,0,P217,"[0, 1, 0, 0]",ltr
M-75A,1,P050,"[0, 1, 0]",ltr
M-75A,2,P124,"[0, 1, 0, 1, 1]",ltr
M-75A,3,P122,"[0, 1, 0, 0]",ltr
M-75A,4,P385,"[0, 1, 0, 0]",ltr
M-77A,0,P366,"[0, 1, 0]",ltr
M-77A,1,P086,"[0, 1, 0, 3, 1, 0, 0]",ltr
M-77A,2,P364,"[0, 1, 0, 3, 0]",ltr
M-77A,3,P122,"[0, 1, 0, 0]",ltr
M-77A,4,P385,"[0, 1, 0, 1]",ltr
M-78A,0,P324,"[0, 1, 0, 1, 0, 0, 1, 0]",ltr
M-78A,1,P043,"[0, 1, 0, 1]",ltr
M-78A,2,P145,"[0, 1, 0]",ltr
M-78A,3,P226,"[0, 1, 0]",ltr
M-79A,0,P324,"[30, 1, 30, 1, 0, 0, 2, 2]",ltr
M-79A,1,P012,"[10, 1, 20, 1]",ltr
M-79A,2,P062,"[0, 1, 0, 1, 0]",ltr
M-79A,3,P058,"[10, 1, 10, 0]",ltr
M-79A,4,P122,"[0, 1, 0, 0]",ltr
M-79A,5,P385,"[0, 1, 0, 1]",ltr
M-79A,6,P247,"[0, 2, 0]",ltr
M-80A,0,P004,"[0, 1, 0, 0, 0, 1]",ltr
M-80A,1,P123,"[0, 1, 0, 2]",ltr
M-80A,2,P120,"[0, 1, 0, 2, 0]",ltr
M-80A,3,P202,"[0, 1, 0, 1, 2]",ltr
M-80A,4,P385,"[0, 1, 0, 0]",ltr
M-81A,0,P301,"[0, 1, 0, 1, 0]",ltr
M-81A,1,P230,"[0, 1, 0, 1, 1, 0, 1]",ltr
M-81A,2,P062,"[0, 1, 0, 1, 0]",ltr
M-81A,3,P122,"[0, 1, 0, 0]",ltr
M-81A,4,P268,"[0, 1, 0, 2, 5]",ltr
M-81A,5,P268,"[0, 1, 0, 2, 5]",ltr
M-81A,6,P217,"[0, 1, 0, 1]",ltr
M-82A,0,P324,"[0, 1, 0, 1, 0, 0, 2, 0]",ltr
M-82A,1,P053,"[0, 1, 0]",ltr
M-82A,2,P122,"[0, 1, 0, 0]",ltr
M-82A,3,P082,"[0, 1, 0, 0, 0, 1]",ltr
M-82A,4,P230,"[0, 1, 0, 1, 0, 0, 1]",ltr
M-82A,5,P086,"[0, 1, 0, 3, 1, 0, 0]",ltr
M-83A,0,P086,"[0, 1, 0, 3, 1, 0, 0]",ltr
M-83A,1,P128,"[0, 1, 0, 0, 0]",ltr
M-83A,2,P180,"[0, 1, 0, 3, 0]",ltr
M-84A,0,P324,"[0, 1, 0, 1, 0, 0, 1, 0]",ltr
M-84A,1,P335,"[0, 1, 0, 1]",ltr
M-84A,2,P062,"[0, 1, 0, 1, 0]",ltr
M-84A,3,P121,"[0, 1, 0, 0]",ltr
M-84A,4,P202,"[0, 1, 40, 1, 1]",ltr
M-84A,5,P154,"[0, 1, 0, 0]",ltr
M-85A,0,P217,"[0, 1, 0, 0]",ltr
M-85A,1,P058,"[0, 1, 0, 1]",ltr
M-85A,2,P325,"[0, 1, 0, 1, 0, 2, 1, 0]",ltr
M-85A,3,P251,"[0, 1, 0, 0]",ltr
M-85A,4,P070,"[0, 1, 0]",ltr
M-86A,0,P217,"[0, 1, 0, 0]",ltr
M-86A,1,P147,"[0, 1, 0]",ltr
M-86A,2,P316,"[0, 1, 0, 0, 1, 1, 0]",ltr
M-86A,3,P056,"[0, 1, 0, 1]",ltr
M-86A,4,P122,"[0, 1, 0, 0]",ltr
M-86A,5,P378,"[0, 1, 0, 0]",ltr
M-86A,6,P310,"[0, 1, 0, 1, 1]",ltr
M-87A,0,P098,"[0, 1, 0, 5, 1, 0]",ltr
M-87A,1,P178,"[0, 1, 0]",ltr
M-87A,2,P020,"[20, 1, 20]",ltr
M-88A,0,P301,"[0, 1, 0, 1, 0]",ltr
M-88A,1,P110,"[0, 1, 0]",ltr
M-88A,2,P058,"[20, 1, 20, 0]",ltr
M-89A,0,P324,"[0, 1, 0, 2, 0, 0, 1, 0]",ltr
M-89A,1,P358,"[0, 1, 0]",ltr
M-89A,2,P313,"[0, 1, 0, 1, 5]",ltr
M-89A,3,P145,"[0, 1, 0]",ltr
M-89A,4,P060,"[0, 1, 0]",ltr
M-90A,0,P324,"[0, 1, 0, 1, 0, 0, 1, 1]",ltr
M-90A,1,P349,"[0, 1, 0]",ltr
M-90A,2,P139,"[0, 1, 0]",ltr
M-90A,3,P144,"[0, 1, 0]",ltr
M-90A,4,P122,"[0, 1, 0, 0]",ltr
M-90A,5,P385,"[0, 1, 0, 0]",ltr
M-91A,0,P324,"[0, 1, 0, 1, 0, 1, 1, 0]",ltr
M-91A,1,P009,"[0, 1, 0, 0]",ltr
M-91A,2,P230,"[0, 1, 0, 0, 0, 0, 1]",ltr
M-91A,3,P050,"[0, 1, 0]",ltr
M-91A,4,P145,"[0, 1, 0]",ltr
M-91A,5,P122,"[0, 1, 0, 0]",ltr
M-91A,6,P385,"[0, 1, 0, 1]",ltr
M-91A,7,P073,"[0, 1, 0, 1, 1]",ltr
M-91A,8,P095,"[0, 1, 0, 5]",ltr
M-92A,0,P324,"[0, 1, 0, 0, 0, 2, 1, 0]",ltr
M-92A,1,P075,"[0, 1, 0, 1, 0, 0]",ltr
M-92A,2,P215,"[0, 1, 0, 0, 0]",ltr
M-92A,3,P091,"[0, 1, 0, 3, 0, 0]",ltr
M-92A,4,P122,"[0, 1, 0, 0]",ltr
M-92A,5,P369,"[0, 1, 0, 0]",ltr
M-92A,6,P253,"[0, 1, 0]",ltr
M-93A,0,P004,"[0, 1, 0, 0, 0, 1]",ltr
M-93A,1,P123,"[0, 1, 0, 2]",ltr
M-93A,2,P062,"[0, 1, 0, 1, 0]",ltr
M-93A,3,P325,"[0, 1, 0, 1, 0, 0, 1, 0]",ltr
M-93A,4,P043,"[0, 1, 0, 7]",ltr
M-94A,0,P324,"[0, 1, 0, 1, 0, 1, 1, 0]",ltr
M-94A,1,P086,"[0, 1, 0, 3, 1, 0, 0]",ltr
M-94A,2,P276,"[0, 1, 0]",ltr
M-94A,3,P050,"[0, 1, 0]",ltr
M-94A,4,P123,"[0, 1, 0, 1]",ltr
M-95A,0,P086,"[0, 1, 0, 3, 1, 0, 0]",ltr
M-95A,1,P123,"[0, 1, 0, 2]",ltr
M-95A,2,P122,"[0, 1, 0, 0]",ltr
M-95A,3,P040,"[0, 1, 0, 1, 1]",ltr
M-95A,4,P342,"[0, 1, 0]",ltr
M-96A,0,P004,"[0, 1, 0, 0, 0, 1]",ltr
M-96A,1,P124,"[0, 1, 0, 1, 1]",ltr
M-97A,0,P004,"[0, 1, 0, 0, 0, 1]",ltr
M-97A,1,P188,"[0, 1, 0, 0, 0]",ltr
M-97A,2,P073,"[0, 1, 0, 1, 1]",ltr
M-98A,0,P324,"[0, 1, 0, 1, 0, 0, 1, 0]",ltr
M-98A,1,P288,"[0, 1, 0]",ltr
M-98A,2,P127,"[0, 1, 0, 0, 0]",ltr
M-99A,0,P324,"[0, 1, 0, 0, 0, 0, 1, 0]",ltr
M-99A,1,P353,"[0, 1, 0, 0]",ltr
M-99A,2,P122,"[0, 1, 0, 0]",ltr
M-99A,3,P202,"[0, 1, 0, 1, 2]",ltr
M-99A,4,P038,"[0, 1, 0, 1]",ltr
M-100A,0,P013,"[0, 1, 0]",ltr
M-100A,1,P324,"[0, 1, 0, 1, 0, 0, 1, 0]",ltr
M-100A,2,P073,"[50, 1, 20, 0, 1]",ltr
M-100A,3,P316,"[0, 1, 0, 1, 1, 1, 0]",ltr
M-100A,4,P122,"[0, 1, 0, 0]",ltr
M-100A,5,P385,"[0, 1, 0, 1]",ltr
M-101A,0,P086,"[0, 1, 0, 3, 1, 0, 0]",ltr
M-101A,1,P210,"[0, 1, 0, 6]",ltr
M-101A,2,P324,"[0, 1, 0, 1, 0, 0, 1, 0]",ltr
M-101A,3,P003,"[0, 1, 0, 0, 0, 0, 0]",ltr
M-101A,4,P122,"[0, 1, 0, 0]",ltr
M-101A,5,P385,"[0, 1, 0, 0]",ltr
M-102A,0,P004,"[0, 1, 0, 0, 0, 0]",ltr
M-102A,1,P123,"[0, 1, 0, 1]",ltr
M-102A,2,P154,"[0, 1, 0, 0]",ltr
M-102A,3,P226,"[0, 1, 0]",ltr
M-103A,0,P086,"[0, 1, 0, 3, 1, 0, 0]",ltr
M-103A,1,P124,"[0, 1, 0, 2, 1]",ltr
M-103A,2,P122,"[0, 1, 0, 0]",ltr
M-103A,3,P378,"[0, 1, 0, 0]",ltr
M-104A,0,P013,"[0, 1, 0]",ltr
M-104A,1,P324,"[0, 1, 0, 1, 0, 0, 1, 0]",ltr
M-104A,2,P050,"[0, 1, 0]",ltr
M-104A,3,P060,"[0, 1, 0]",ltr
M-104A,4,P359,"[0, 1, 0]",ltr
M-105A,0,P324,"[80, 1, 90, 1, 0, 0, 1, 0]",ltr
M-105A,1,P324,"[40, 1, 80, 1, 0, 0, 1, 0]",ltr
M-105A,2,P364,"[10, 1, 10, 3, 0]",ltr
M-105A,3,P056,"[0, 1, 0, 1]",ltr
M-105A,4,P326,"[0, 1, 0, 1, 1, 0, 1, 0, 0]",ltr
M-105A,5,P120,"[0, 1, 0, 2, 1]",ltr
M-105A,6,P154,"[0, 1, 0, 0]",ltr
M-106A,0,P324,"[30, 1, 50, 1, 0, 0, 1, 0]",ltr
M-106A,1,P332,"[10, 1, 10, 2, 0, 2, 0]",ltr
M-106A,2,P000,"[0, 1, 0, 70]",ltr
M-107A,0,P324,"[0, 1, 0, 1, 0, 0, 1, 1]",ltr
M-107A,1,P238,"[0, 1, 0]",ltr
M-107A,2,P058,"[0, 1, 0, 1]",ltr
M-107A,3,P122,"[0, 1, 0, 0]",ltr
M-107A,4,P054,"[0, 1, 0]",ltr
M-107A,5,P071,"[0, 1, 0]",ltr
M-108A,0,P099,"[0, 1, 0, 5, 1]",ltr
M-108A,1,P378,"[0, 1, 0, 0]",ltr
M-108A,2,P050,"[0, 1, 0]",ltr
M-108A,3,P201,"[0, 1, 0, 1]",ltr
M-108A,4,P075,"[0, 1, 0, 1, 0, 1]",ltr
M-108A,5,P230,"[0, 1, 0, 1, 0, 0, 1]",ltr
M-108A,6,P378,"[0, 1, 0, 0]",ltr
M-109A,0,P324,"[0, 1, 0, 1, 0, 1, 1, 0]",ltr
M-109A,1,P381,"[0, 1, 0]",ltr
M-109A,2,P050,"[20, 1, 40]",ltr
M-109A,3,P092,"[0, 1, 0, 5]",ltr
M-109A,4,P122,"[0, 1, 0, 0]",ltr
M-109A,5,P084,"[0, 1, 0, 4, 3]",ltr
M-109A,6,P011,"[0, 1, 0, 0]",ltr
M-110A,0,P000,"[0, 1, 0, 50]",ltr
M-110A,1,P122,"[0, 1, 0, 0]",ltr
M-110A,2,P385,"[0, 1, 0, 0]",ltr
M-111A,0,P324,"[40, 1, 70, 1, 0, 0, 2, 2]",ltr
M-111A,1,P160,"[20, 1, 10]",ltr
M-111A,2,P303,"[0, 1, 0, 2, 0, 0]",ltr
M-111A,3,P058,"[0, 1, 0, 0]",ltr
M-111A,4,P121,"[0, 1, 0, 0]",ltr
M-111A,5,P378,"[0, 1, 0, 0]",ltr
M-111A,6,P378,"[0, 1, 0, 0]",ltr
M-112A,0,P324,"[0, 1, 0, 1, 0, 0, 1, 0]",ltr
M-112A,1,P332,"[0, 1, 0, 2, 0, 0, 0]",ltr
M-112A,2,P056,"[0, 1, 0, 0]",ltr
M-112A,3,P126,"[0, 1, 0, 0, 0]",ltr
M-112A,4,P111,"[10, 1, 10, 1]",ltr
M-112A,5,P325,"[0, 1, 0, 1, 0, 0, 1, 0]",ltr
M-112A,6,P285,"[20, 1, 60]",ltr
M-112A,7,P254,"[0, 1, 0, 3, 0]",ltr
M-113A,0,P324,"[0, 1, 0, 1, 0, 2, 1, 0]",ltr
M-113A,1,P145,"[0, 1, 0]",ltr
M-113A,2,P349,"[0, 1, 0]",ltr
M-113A,3,P325,"[0, 1, 0, 1, 1, 1, 2, 0]",ltr
M-113A,4,P120,"[0, 1, 0, 0, 1]",ltr
M-113A,5,P156,"[0, 1, 0, 1]",ltr
M-114A,0,P324,"[0, 1, 0, 1, 0, 0, 1, 0]",ltr
M-114A,1,P332,"[0, 1, 0, 2, 0, 0, 0]",ltr
M-114A,2,P283,"[0, 1, 0]",ltr
M-114A,3,P122,"[0, 1, 0, 0]",ltr
M-114A,4,P205,"[0, 1, 0, 3, 4, 1, 1, 0]",ltr
M-114A,5,P095,"[0, 1, 0, 5]",ltr
M-115A,0,P086,"[0, 1, 0, 2, 2, 1, 0]",ltr
M-115A,1,P352,"[0, 1, 0, 0, 0]",ltr
M-115A,2,P011,"[0, 1, 0, 1]",ltr
M-115A,3,P194,"[0, 1, 0, 4, 1, 0]",ltr
M-115A,4,P364,"[0, 1, 0, 3, 1]",ltr
M-115A,5,P122,"[0, 1, 0, 0]",ltr
M-115A,6,P205,"[0, 1, 0, 2, 4, 1, 4, 0]",ltr
M-115A,7,P076,"[0, 1, 0, 1, 0, 8]",ltr
M-116A,0,P324,"[10, 1, 20, 1, 1, 1, 1, 0]",ltr
M-116A,1,P009,"[0, 1, 0, 1]",ltr
M-116A,2,P194,"[0, 1, 0, 4, 1, 0]",ltr
M-116A,3,P349,"[0, 1, 0]",ltr
M-116A,4,P139,"[0, 1, 0]",ltr
M-116A,5,P122,"[0, 1, 0, 1]",ltr
M-116A,6,P385,"[0, 1, 0, 0]",ltr
M-117A,0,P217,"[30, 1, 50, 0]",ltr
M-117A,1,P147,"[0, 1, 0]",ltr
M-117A,2,P316,"[0, 1, 0, 0, 1, 1, 0]",ltr
M-117A,3,P050,"[0, 1, 0]",ltr
M-117A,4,P364,"[0, 1, 0, 3, 1]",ltr
M-117A,5,P142,"[0, 1, 0]",ltr
M-117A,6,P122,"[0, 1, 0, 0]",ltr
M-117A,7,P378,"[0, 1, 0, 0]",ltr
M-118A,0,P324,"[20, 1, 20, 1, 0, 1, 1, 0]",ltr
M-118A,1,P096,"[0, 1, 0, 5, 3, 0]",ltr
M-118A,2,P147,"[0, 1, 0]",ltr
M-118A,3,P316,"[0, 1, 0, 0, 1, 1, 0]",ltr
M-118A,4,P058,"[0, 1, 0, 1]",ltr
M-118A,5,P364,"[0, 1, 0, 2, 1]",ltr
M-118A,6,P122,"[0, 1, 0, 0]",ltr
M-118A,7,P385,"[0, 1, 0, 1]",ltr
M-119A,0,P001,"[10, 1, 40, 0, 0]",ltr
M-119A,1,P309,"[0, 1, 0, 1, 1, 1, 1]",ltr
M-119A,2,P195,"[0, 1, 0]",ltr
M-119A,3,P122,"[0, 1, 0, 0]",ltr
M-119A,4,P086,"[0, 1, 0, 3, 1, 0, 0]",ltr
M-119A,5,P035,"[0, 1, 0, 2, 0]",ltr
M-119A,6,P270,"[0, 1, 0, 3, 0]",ltr
M-119A,7,P145,"[0, 1, 0]",ltr
M-119A,8,P154,"[0, 1, 0, 0]",ltr
M-119A,9,P230,"[0, 1, 0, 1, 0, 1, 1]",ltr
M-120A,0,P324,"[0, 1, 0, 0, 1, 0, 1, 1]",ltr
M-120A,1,P009,"[0, 1, 0, 1]",ltr
M-120A,2,P288,"[0, 1, 0]",ltr
M-120A,3,P325,"[0, 1, 0, 0, 1, 0, 1, 0]",ltr
M-120A,4,P349,"[0, 1, 0]",ltr
M-120A,5,P044,"[0, 1, 0]",ltr
M-121A,0,P324,"[0, 1, 0, 1, 0, 0, 1, 0]",ltr
M-121A,1,P154,"[0, 1, 0, 0]",ltr
M-121A,2,P355,"[0, 1, 0, 1, 0]",ltr
M-121A,3,P058,"[0, 1, 0, 0]",ltr
M-121A,4,P075,"[0, 1, 0, 1, 0, 1]",ltr
M-122A,0,P217,"[0, 1, 0, 0]",ltr
M-122A,1,P147,"[0, 1, 0]",ltr
M-122A,2,P316,"[0, 1, 0, 1, 1, 1, 0]",ltr
M-123A,0,P098,"[0, 1, 0, 5, 1, 0]",ltr
M-123A,1,P014,"[0, 1, 0]",ltr
M-123A,2,P202,"[0, 1, 0, 0, 2]",ltr
M-123A,3,P114,"[0, 1, 0, 0]",ltr
M-124A,0,P324,"[10, 1, 10, 1, 0, 0, 1, 0]",ltr
M-124A,1,P175,"[0, 1, 0]",ltr
M-124A,2,P050,"[0, 1, 0]",ltr
M-124A,3,P145,"[0, 1, 0]",ltr
M-125A,0,P000,"[0, 1, 0, 30]",ltr
M-125A,1,P144,"[0, 1, 0]",ltr
M-125A,2,P108,"[10, 1, 10, 1, 1, 2]",ltr
M-126A,0,P000,"[0, 1, 0, 10]",ltr
M-126A,1,P230,"[0, 1, 0, 1, 0, 0, 0]",ltr
M-126A,2,P234,"[0, 1, 0]",ltr
M-126A,3,P120,"[0, 1, 0, 2, 0]",ltr
M-126A,4,P256,"[0, 1, 0, 1]",ltr
M-127A,0,P238,"[10, 1, 10]",ltr
M-127A,1,P324,"[20, 1, 10, 1, 0, 0, 1, 0]",ltr
M-127A,2,P060,"[0, 1, 0]",ltr
M-127A,3,P324,"[10, 1, 10, 1, 0, 0, 1, 0]",ltr
M-127A,4,P194,"[30, 1, 20, 4, 0, 0]",ltr
M-128A,0,P324,"[10, 1, 10, 1, 0, 0, 1, 2]",ltr
M-128A,1,P175,"[0, 1, 0]",ltr
M-128A,2,P364,"[0, 1, 0, 3, 0]",ltr
M-128A,3,P324,"[0, 1, 0, 1, 0, 0, 1, 2]",ltr
M-128A,4,P208,"[0, 1, 0, 0]",ltr
M-128A,5,P316,"[0, 1, 0, 0, 1, 1, 0]",ltr
M-129A,0,P217,"[0, 1, 0, 0]",ltr
M-129A,1,P058,"[0, 1, 0, 0]",ltr
M-129A,2,P062,"[0, 1, 0, 2, 0]",ltr
M-129A,3,P060,"[0, 1, 0]",ltr
M-129A,4,P325,"[0, 1, 0, 1, 1, 0, 1, 0]",ltr
M-129A,5,P293,"[0, 1, 0, 1]",ltr
M-130A,0,P324,"[10, 1, 10, 1, 0, 0, 1, 0]",ltr
M-130A,1,P003,"[0, 1, 0, 4, 2, 2, 2]",ltr
M-130A,2,P050,"[0, 1, 0]",ltr
M-130A,3,P145,"[0, 1, 0]",ltr
M-130A,4,P122,"[0, 1, 0, 1]",ltr
M-130A,5,P032,"[0, 1, 0]",ltr
M-131A,0,P324,"[0, 1, 0, 1, 0, 1, 1, 0]",ltr
M-131A,1,P086,"[0, 1, 0, 3, 1, 0, 0]",ltr
M-131A,2,P276,"[0, 1, 0]",ltr
M-131A,3,P325,"[0, 1, 0, 1, 0, 0, 1, 0]",ltr
M-131A,4,P086,"[0, 1, 0, 3, 1, 0, 0]",ltr
M-131A,5,P355,"[0, 1, 0, 1, 0]",ltr
M-132A,0,P004,"[0, 1, 0, 0, 1, 1]",ltr
M-132A,1,P123,"[0, 1, 0, 2]",ltr
M-132A,2,P226,"[0, 1, 0]",ltr
M-133A,0,P301,"[0, 1, 0, 2, 0]",ltr
M-133A,1,P230,"[0, 1, 0, 1, 0, 0, 0]",ltr
M-133A,2,P062,"[0, 1, 30, 1, 0]",ltr
M-133A,3,P050,"[0, 1, 0]",ltr
M-133A,4,P073,"[0, 1, 0, 1, 1]",ltr
M-133A,5,P369,"[0, 1, 0, 0]",ltr
M-133A,6,P174,"[0, 1, 0]",ltr
M-133A,7,P110,"[0, 1, 0]",ltr
M-134A,0,P390,"[0, 1, 0, 2, 0]",ltr
M-134A,1,P145,"[0, 1, 0]",ltr
M-134A,2,P256,"[0, 1, 0, 0]",ltr
M-135A,0,P217,"[0, 1, 0, 0]",ltr
M-135A,1,P147,"[0, 1, 0]",ltr
M-135A,2,P316,"[0, 1, 0, 0, 1, 0, 0]",ltr
M-135A,3,P144,"[0, 1, 0]",ltr
M-136A,0,P013,"[10, 1, 20]",ltr
M-136A,1,P324,"[0, 1, 0, 1, 0, 0, 1, 0]",ltr
M-136A,2,P050,"[0, 1, 0]",ltr
M-136A,3,P126,"[0, 1, 0, 0, 0]",ltr
M-136A,4,P144,"[0, 1, 0]",ltr
M-136A,5,P177,"[0, 1, 0, 5, 1]",ltr
M-136A,6,P226,"[0, 1, 0]",ltr
M-137A,0,P379,"[0, 1, 0]",ltr
M-138A,0,P324,"[10, 1, 10, 1, 0, 0, 1, 0]",ltr
M-138A,1,P154,"[0, 1, 0, 0]",ltr
M-138A,2,P125,"[0, 1, 0, 1, 1]",ltr
M-139A,0,P147,"[0, 1, 0]",ltr
M-139A,1,P368,"[0, 1, 0, 0]",ltr
M-139A,2,P061,"[0, 1, 0]",ltr
M-139A,3,P325,"[0, 1, 0, 0, 0, 1, 1, 0]",ltr
M-139A,4,P294,"[0, 1, 0, 1]",ltr
M-140A,0,P324,"[0, 1, 0, 1, 0, 0, 1, 0]",ltr
M-140A,1,P309,"[0, 1, 0, 1, 4, 0, 1]",ltr
M-140A,2,P145,"[0, 1, 0]",ltr
M-140A,3,P050,"[0, 1, 0]",ltr
M-140A,4,P201,"[0, 1, 0, 1]",ltr
M-140A,5,P283,"[0, 1, 0]",ltr
M-140A,6,P221,"[0, 1, 0, 0]",ltr
M-141A,0,P000,"[0, 1, 0, 40]",ltr
M-141A,1,P122,"[0, 1, 0, 0]",ltr
M-141A,2,P000,"[0, 1, 0, 10]",ltr
M-142A,0,P022,"[0, 1, 0, 6]",ltr
M-142A,1,P011,"[0, 1, 0, 0]",ltr
M-142A,2,P122,"[0, 1, 0, 0]",ltr
M-142A,3,P385,"[0, 1, 0, 1]",ltr
M-143A,0,P324,"[0, 1, 0, 1, 0, 0, 1, 0]",ltr
M-143A,1,P082,"[0, 1, 0, 0, 0, 0]",ltr
M-143A,2,P122,"[0, 1, 0, 0]",ltr
M-143A,3,P145,"[0, 1, 0]",ltr
M-143A,4,P170,"[0, 1, 0]",ltr
M-143A,5,P349,"[0, 1, 0]",ltr
M-144A,0,P324,"[0, 1, 0, 0, 0, 0, 0, 1]",ltr
M-144A,1,P009,"[0, 1, 0, 0]",ltr
M-144A,2,P092,"[0, 1, 0, 5]",ltr
M-144A,3,P062,"[0, 1, 0, 1, 0]",ltr
M-144A,4,P122,"[0, 1, 0, 0]",ltr
M-144A,5,P385,"[0, 1, 0, 0]",ltr
M-145A,0,P324,"[0, 1, 0, 1, 0, 1, 0, 1]",ltr
M-145A,1,P098,"[0, 1, 0, 8, 1, 1]",ltr
M-145A,2,P031,"[0, 1, 0]",ltr
M-145A,3,P384,"[0, 1, 0]",ltr
M-146A,0,P324,"[0, 1, 0, 0, 0, 0, 0, 2]",ltr
M-146A,1,P073,"[0, 1, 0, 0, 1]",ltr
M-146A,2,P160,"[0, 1, 0]",ltr
M-146A,3,P120,"[0, 1, 0, 2, 1]",ltr
M-146A,4,P256,"[0, 1, 0, 0]",ltr
M-147A,0,P051,"[0, 1, 0]",ltr
M-147A,1,P364,"[0, 1, 0, 3, 0]",ltr
M-147A,2,P122,"[0, 1, 0, 0]",ltr
M-147A,3,P050,"[0, 1, 0]",ltr
M-147A,4,P221,"[0, 1, 0, 1]",ltr
M-147A,5,P217,"[0, 1, 0, 0]",ltr
M-148A,0,P324,"[0, 1, 0, 1, 0, 0, 1, 1]",ltr
M-148A,1,P385,"[0, 1, 0, 0]",ltr
M-148A,2,P231,"[0, 1, 0, 1]",ltr
M-149A,0,P324,"[10, 1, 10, 0, 0, 1, 1, 1]",ltr
M-149A,1,P332,"[0, 1, 0, 3, 0, 0, 0]",ltr
M-149A,2,P283,"[0, 1, 0]",ltr
M-149A,3,P120,"[0, 1, 0, 0, 1]",ltr
M-149A,4,P230,"[0, 1, 0, 1, 0, 0, 1]",ltr
M-150A,0,P324,"[0, 1, 0, 1, 1, 1, 1, 1]",ltr
M-150A,1,P368,"[0, 1, 0, 0]",ltr
M-151A,0,P050,"[0, 1, 0]",ltr
M-151A,1,P201,"[0, 1, 0, 1]",ltr
M-151A,2,P393,"[0, 1, 0, 3]",ltr
M-152A,0,P324,"[0, 1, 0, 0, 0, 0, 1, 1]",ltr
M-152A,1,P096,"[0, 1, 0, 5, 3, 0]",ltr
M-152A,2,P122,"[0, 1, 0, 0]",ltr
M-152A,3,P385,"[0, 1, 0, 1]",ltr
M-153A,0,P067,"[20, 1, 10, 0, 2, 1, 2]",ltr
M-153A,1,P026,"[0, 1, 0, 5]",ltr
M-153A,2,P076,"[0, 1, 0, 0, 1, 8]",ltr
M-154A,0,P217,"[10, 1, 10, 0]",ltr
M-154A,1,P050,"[0, 1, 0]",ltr
M-154A,2,P092,"[0, 1, 0, 5]",ltr
M-154A,3,P122,"[0, 1, 0, 0]",ltr
M-154A,4,P300,"[10, 1, 50]",ltr
M-154A,5,P182,"[0, 1, 0, 0, 0]",ltr
M-154A,6,P265,"[0, 2, 0, 0]",ltr
M-155A,0,P324,"[10, 1, 20, 1, 0, 0, 1, 2]",ltr
M-155A,1,P194,"[0, 1, 0, 3, 0, 0]",ltr
M-155A,2,P144,"[0, 1, 0]",ltr
M-157A,0,P324,"[0, 1, 0, 0, 0, 0, 1, 1]",ltr
M-157A,1,P154,"[0, 1, 0, 0]",ltr
M-157A,2,P355,"[0, 1, 0, 1, 0]",ltr
M-157A,3,P058,"[0, 1, 0, 0]",ltr
M-157A,4,P075,"[0, 1, 0, 1, 0, 0]",ltr
M-157A,5,P121,"[0, 1, 0, 0]",ltr
M-157A,6,P378,"[0, 1, 0, 0]",ltr
M-158A,0,P086,"[0, 1, 0, 3, 1, 0, 0]",ltr
M-158A,1,P126,"[0, 1, 0, 0, 0]",ltr
M-158A,2,P120,"[0, 1, 0, 2, 1]",ltr
M-158A,3,P230,"[0, 1, 0, 1, 0, 0, 1]",ltr
M-159A,0,P324,"[0, 1, 0, 1, 0, 0, 1, 1]",ltr
M-159A,1,P136,"[0, 1, 0, 0, 0]",ltr
M-159A,2,P325,"[0, 1, 0, 1, 1, 0, 1, 1]",ltr
M-159A,3,P166,"[0, 1, 0, 1]",ltr
M-159A,4,P290,"[0, 1, 0, 1, 1]",ltr
M-160A,0,P001,"[0, 1, 0, 0, 1]",ltr
M-160A,1,P048,"[0, 1, 0, 3]",ltr
M-160A,2,P144,"[0, 1, 0]",ltr
M-160A,3,P122,"[0, 1, 0, 0]",ltr
M-160A,4,P378,"[0, 1, 0, 0]",ltr
M-160A,5,P325,"[0, 1, 0, 1, 0, 1, 1, 1]",ltr
M-161A,0,P268,"[0, 1, 0, 2, 5]",ltr
M-161A,1,P268,"[0, 1, 0, 2, 5]",ltr
M-161A,2,P037,"[10, 1, 20]",ltr
M-161A,3,P123,"[0, 1, 0, 1]",ltr
M-162A,0,P324,"[0, 1, 0, 0, 1, 1, 1, 0]",ltr
M-162A,1,P332,"[0, 1, 0, 2, 0, 0, 0]",ltr
M-162A,2,P349,"[0, 1, 0]",ltr
M-162A,3,P230,"[0, 1, 0, 1, 0, 0, 0]",ltr
M-162A,4,P234,"[0, 1, 0]",ltr
M-162A,5,P123,"[0, 1, 0, 1]",ltr
M-163A,0,P217,"[0, 1, 0, 0]",ltr
M-163A,1,P050,"[0, 1, 20]",ltr
M-163A,2,P092,"[0, 1, 0, 6]",ltr
M-163A,3,P120,"[0, 1, 0, 2, 1]",ltr
M-163A,4,P378,"[0, 1, 0, 0]",ltr
M-164A,0,P324,"[0, 1, 0, 1, 0, 0, 1, 0]",ltr
M-164A,1,P031,"[0, 1, 0]",ltr
M-164A,2,P204,"[0, 1, 0, 0, 1]",ltr
M-164A,3,P122,"[0, 1, 0, 0]",ltr
M-164A,4,P385,"[0, 1, 0, 0]",ltr
M-165A,0,P324,"[0, 1, 0, 1, 0, 1, 1, 0]",ltr
M-165A,1,P332,"[10, 1, 10, 2, 0, 0, 0]",ltr
M-165A,2,P121,"[0, 1, 0, 1]",ltr
M-165A,3,P325,"[0, 1, 0, 1, 1, 1, 1, 0]",ltr
M-165A,4,P086,"[0, 1, 0, 3, 1, 0, 0]",ltr
M-165A,5,P122,"[0, 1, 0, 0]",ltr
M-165A,6,P385,"[0, 2, 0, 0]",ltr
M-165A,7,P324,"[0, 2, 0, 1, 0, 0, 1, 0]",ltr
M-165A,8,P076,"[0, 2, 0, 0, 1, 2]",ltr
M-166A,0,P086,"[0, 1, 0, 3, 1, 0, 0]",ltr
M-166A,1,P349,"[0, 1, 0]",ltr
M-166A,2,P062,"[0, 1, 0, 1, 0]",ltr
M-166A,3,P364,"[10, 1, 50, 3, 0]",ltr
M-166A,4,P122,"[0, 1, 0, 0]",ltr
M-166A,5,P385,"[0, 1, 0, 1]",ltr
M-167A,0,P324,"[50, 1, 80, 1, 0, 0, 1, 0]",ltr
M-167A,1,P000,"[0, 1, 0, 60]",ltr
M-167A,2,P385,"[30, 1, 30, 0]",ltr
M-169A,0,P324,"[0, 1, 0, 0, 0, 0, 1, 1]",ltr
M-169A,1,P289,"[0, 1, 0, 1]",ltr
M-169A,2,P127,"[10, 1, 20, 0, 0]",ltr
M-169A,3,P000,"[0, 1, 0, 20]",ltr
M-169A,4,P145,"[0, 1, 0]",ltr
M-170A,0,P324,"[0, 1, 0, 1, 0, 0, 1, 0]",ltr
M-170A,1,P175,"[30, 1, 10]",ltr
M-170A,2,P086,"[0, 1, 0, 2, 3, 1, 0]",ltr
M-170A,3,P204,"[0, 1, 0, 0, 1]",ltr
M-170A,4,P114,"[0, 1, 20, 1]",ltr
M-170A,5,P145,"[0, 1, 0]",ltr
M-170A,6,P325,"[10, 1, 20, 0, 1, 1, 1, 1]",ltr
M-170A,7,P385,"[30, 1, 20, 1]",ltr
M-171A,0,P086,"[0, 1, 0, 2, 3, 2, 1]",ltr
M-171A,1,P204,"[0, 1, 0, 0, 1]",ltr
M-171A,2,P324,"[0, 1, 0, 1, 0, 1, 1, 0]",ltr
M-171A,3,P175,"[0, 1, 0]",ltr
M-171A,4,P058,"[20, 1, 20, 1]",ltr
M-171A,5,P364,"[0, 1, 0, 2, 0]",ltr
M-171A,6,P120,"[0, 1, 0, 1, 0]",ltr
M-171A,7,P256,"[0, 1, 0, 0]",ltr
M-172A,0,P086,"[0, 1, 0, 2, 3, 2, 1]",ltr
M-172A,1,P128,"[0, 1, 0, 0, 0]",ltr
M-172A,2,P121,"[0, 1, 0, 0]",ltr
M-172A,3,P050,"[0, 1, 0]",ltr
M-172A,4,P117,"[0, 1, 0, 2]",ltr
M-172A,5,P355,"[0, 1, 0, 1, 0]",ltr
M-173A,0,P324,"[0, 1, 0, 1, 0, 1, 1, 0]",ltr
M-173A,1,P110,"[0, 1, 0]",ltr
M-173A,2,P160,"[0, 1, 0]",ltr
M-173A,3,P303,"[0, 1, 0, 2, 0, 0]",ltr
M-173A,4,P364,"[0, 1, 0, 3, 0]",ltr
M-174A,0,P324,"[20, 1, 20, 1, 0, 0, 2, 0]",ltr
M-174A,1,P175,"[0, 1, 0]",ltr
M-174A,2,P050,"[0, 1, 0]",ltr
M-174A,3,P145,"[0, 1, 0]",ltr
M-174A,4,P122,"[0, 1, 0, 0]",ltr
M-174A,5,P378,"[0, 1, 0, 0]",ltr
M-175A,0,P000,"[0, 1, 0, 70]",ltr
M-175A,1,P122,"[50, 1, 80, 0]",ltr
M-175A,2,P385,"[0, 1, 0, 1]",ltr
M-176A,0,P000,"[0, 1, 0, 40]",ltr
M-176A,1,P255,"[0, 1, 0]",ltr
M-177A,0,P086,"[0, 1, 0, 3, 1, 0, 0]",ltr
M-177A,1,P123,"[0, 1, 0, 2]",ltr
M-177A,2,P122,"[0, 1, 0, 0]",ltr
M-177A,3,P385,"[0, 1, 0, 0]",ltr
M-178A,0,P086,"[0, 1, 0, 3, 1, 0, 0]",ltr
M-178A,1,P126,"[0, 1, 0, 0, 0]",ltr
M-179A,0,P086,"[0, 1, 0, 3, 1, 0, 0]",ltr
M-179A,1,P123,"[0, 1, 0, 2]",ltr
M-180A,0,P324,"[110, 1, 0, 2, 0, 0, 1, 0]",ltr
M-180A,1,P265,"[0, 1, 0, 0]",ltr
M-181A,0,P217,"[0, 1, 0, 0]",ltr
M-181A,1,P193,"[0, 1, 0, 0, 0]",ltr
M-181A,2,P122,"[0, 1, 0, 0]",ltr
M-181A,3,P205,"[0, 1, 0, 2, 4, 1, 0, 0]",ltr
M-181A,4,P207,"[0, 1, 0, 0, 1]",ltr
M-182A,0,P324,"[0, 1, 0, 1, 0, 0, 1, 0]",ltr
M-182A,1,P095,"[0, 1, 0, 5]",ltr
M-183A,0,P217,"[0, 1, 0, 1]",ltr
M-183A,1,P058,"[0, 1, 0, 1]",ltr
M-183A,2,P120,"[0, 1, 0, 2, 0]",ltr
M-183A,3,P205,"[0, 1, 0, 3, 4, 1, 1, 0]",ltr
M-184A,0,P013,"[0, 1, 0]",ltr
M-184A,1,P324,"[0, 1, 0, 1, 0, 0, 1, 0]",ltr
M-184A,2,P010,"[0, 1, 0, 0, 0]",ltr
M-184A,3,P359,"[0, 1, 0]",ltr
