parpola_id,parpola_graphemes,wells_graphemes,mahadevan_id,mahadevan_number,description,feature_count,corpus_frequency
P000,V599,,,,Represents a section of significant damage or lost material,1,19
P001,V144|V143|V385|V539,W151,M012,12,"Person carrying two burdens, ",2,4
P002,V586,,M013,13,"Person carrying two burdens, small vertical stroke between legs",2,0
P003,V244|V320|V341|V465,W159|W160|W161,M011,11,"Person carrying two burdens, triangle or diamond for a head",4,2
P004,V145|V538,W153|W154|W155|W156|W158,M015,15,"Person carrying two burdens, jar handles for a head",3,6
P005,V750,,,,"Person carrying two burdens, jar handles for a head. Pitchfork off shoulder",4,0
P006,V370,W123,M016,16,"Two people, each carrying two burdens, carrying a tall hatched triangle between them",4,0
P007,V146|V374,W105|W107,M004,4,Person with flag for a head,1,1
P008,V147,W106,M005,5,Person with two flags for a head,0,0
P009,V134|V559,W100,M008,8,Person with three heads,1,5
P010,V505|V071|V252|V685,W101|W103,M009,9,"Person with three heads, bracketed by right parentheses",2,1
P011,V097|V534,W140,M017,17,Person with round breasts and one raised arm,1,10
P012,V268|V743,W098,M007,7,Person with an extra raised arm,1,1
P013,V133|V535,W090,M001,1,"Person with two arms and two legs, ",0,9
P014,V394,W093,M003,3,"Person with two arms and two legs, small vertical stroke between legs",0,1
P015,V518|V150,W097,M002,2,"Person with two arms and two legs, bracketed by tall vertical lines",0,0
P016,V110|V692,W091,M002,2,Two simple persons standing side by side,0,0
P017,V391,,M043,43,"Person with two arms and two legs, standing on a long horizontal stroke",0,0
P018,V754,,,,"Person with two arms and two legs, standing on a long horizontal stroke, bracketed by tall vertical strokes",0,0
P019,V148|V786,W137,M040,40,"Person with two arms and two legs, small leaf almost like a phallus on right thigh",0,0
P020,V149|V772,W104,M041,41,Person with a half-height caret coming off the right foot,0,1
P021,V741,W118,M042,42,Person standing on two wagon wheels,0,0
P022,V307,W094,M038,38,Person with pitchfork head across waist,1,1
P023,V135|V427,W095,M018,18,Person with short stick,1,1
P024,V449,W121,M037,37,Person with large animal leg,0,0
P025,V388|V237,,M021,21,Person holding tree with branches,1,0
P026,V138|V763,W130,M019,19,Person with pitchfork,1,2
P027,V353,W131,M020,20,"Person with pitchfork, small vertical stroke between feet",1,0
P028,V336,W133,M023,23,Person with antenna,1,0
P029,V697,W134,M024,24,Person with two antennae,1,0
P030,V340|V305,W145,,,"Person with short stick, several small vertical strokes coming away from stick",2,0
P031,V136|V450,W142,M025,25,Person with staff,0,3
P032,V570,W144,M026,26,"Person with staff, caged by four small vertical strokes",0,1
P033,V348,W143,,,Person with two staves,0,0
P034,V137,W146,M027,27,"Person with bow and arrow, but no bowstring",0,0
P035,V139|V390,W125|W126,M028,28,Person with bow and arrow,2,4
P036,V304,W127,M029,29,Person with two bows and arrows,0,0
P037,V316|V718,W122,M036,36,Person with triangular 'pincer',0,1
P038,V366,W119,M030,30,Person with diamond connected to the right,1,1
P039,V417,W117,M031,31,"Person with large leaf, dot in leaf",0,0
P040,V140|V096,W110|W111,M032,32,Person with U,2,2
P041,V141,W112,M034,34,"Person with U with vertical stroke inserted, stroke has a small dot at the bottom",0,1
P042,V142|V780,W113,M035,35,Person with cat's paw,0,0
P043,V288,W340|W341|W342|W343|W344|W345|W347|W348,M050,50,Deer facing to the right (see also P303),1,2
P044,V077,W346,M050,50,Deer facing to the left,0,1
P045,V328|V269,W280,M084,84,Cow's leg with horizontal hatching,1,0
P046,V408,W281,M085,85,"Cow's leg with horizontal hatching, bracketed by angled vertical lines",1,0
P047,V323|V264,W517|W518,M398,398,"Vertical line with rounded and hatched decoration at the middle, capped by a caret hat",1,1
P048,V087,W243,M075,75,"Fish with no arms, caret hat, diagonal hatching throughout",1,1
P049,V354,,,,Fish with no arms and no other decoration,0,0
P050,V177|V517,W220,M059,59,Fish with no other decoration,0,32
P051,V513|V321,W226,M060,60,Fish with four small vertical strokes around the four corners,0,5
P052,V546,W944,M061,61,"Fish and 'table' with four small vertical strokes around the four corners, 'table' has a small box on top",0,0
P053,V521,W222,M062,62,"Simple fish inside parentheses, with a small tooth coming off the top right or the right paren",0,1
P054,V588|V325,W940,M064,64,Simple fish and bird inside parentheses,0,1
P055,V558,W942|W943,M064,64,Simple bird and fish inside parentheses,1,0
P056,V178|V461,W231,M070,70,Fish with a small vertical stroke in the body,1,9
P057,V522|V669,W232,M071,71,"Fish with a small vertical stroke in the body, caged by four small vertical strokes",0,0
P058,V179|V463,W233,M072,72,Fish with a horizontal line through body,1,15
P059,V530|V172,W234,M073,73,"Fish with a horizontal line through body, caged by four small vertical lines",1,0
P060,V086|V568,W235,M065,65,Fish with a caret shaped hat,0,20
P061,V520,W236,M066,66,"Fish with a caret shaped hat, caged by four small vertical strokes",0,1
P062,V180|V236|V541,W240|W242,M067,67,Fish with extra whiskers on cheeks,2,21
P063,V512|V120,W241,M068,68,"Fish with extra whiskers on cheeks, caged by four small vertical strokes",2,0
P064,V181,W227|W228,M074,74,Fish with extra legs,1,0
P065,V183,W244,M083,83,Fish with bird wings and a three feather tail,0,1
P066,V188|V531,W264|W266|W268,M076,76,Semi-realistic bird with no wings,4,0
P067,V503|V263,W265|W267|W269|W270|W271,M081,81,Large left and right parentheses surrounding an upward-pointing bird with no wings,4,3
P068,V515,W952,M082,82,Duck in circular pond,0,0
P069,V524,W262,M079,79,"Semi-realistic bird with no wings, swan's neck pointing backwards",1,0
P070,V747,W272,M080,80,Upward-pointing bird with wings,0,1
P071,V189|V489,W260,M076,76,Leftward-pointing bird with vertical tail,0,1
P072,V527,,,,Leftward-pointing bird with rooster tail,0,0
P073,V184|V460,W255,M051,51,Unknown asymmetric animal? Perhaps a fish with asymmetric fins and legs?,2,8
P074,V368,W256,M052,52,Unknown asymmetric animal? Perhaps a fish with asymmetric fins and legs? Attached on left to a tall vertical stroke,2,0
P075,V168|V579,W193|W797|W798,M053,53,"Leaf with 'pincers' coming off the right, possibly with small stroke legs off top and bottom of leaf",3,4
P076,V190|V544,W190|W192|W194,M054,54,"Squashed spider, with right two legs slightly more away from the body",3,6
P077,V193|V490,W201,M412,412,"Two stacked leaves, with ladder going up and to the right from the center",1,0
P078,V357,W894,M310,310,"Two stacked half-leaves (just the right half), with long stroke going up and to the right from the center",1,0
P079,V781,W200,M410,410,Two stacked leaves,0,0
P080,V419,W203,M413,413,"Two stacked leaves, connected on left to a tall vertical stroke",0,0
P081,V722,,,,"Serif'd three sided hat, over two small dots connected by a diagonal line",0,0
P082,V195,W205|W206|W207|W208|W209,M057,57,"Two stacked leaves, two inverted caret legs on each leaf, and wings pointing away from each other on each leaf",3,2
P083,V194,W204,M056,56,"Two stacked leaves, with lines coming away on the right of each leaf",1,1
P084,V191|V557,W285|W286|W287,M395,395,"Oval with several short strokes coming off the bottom, and a very small tree-like shape at the top.",2,1
P085,V443,W064,M161,161,"Singly, symetrically bifurcated tall vertical stroke",0,0
P086,V126|V127|V151|V508,W390|W392|W405|W406|W407|W408,M161,161,Simple tree with branches at the top,4,35
P087,V748,W393,M164,164,"Simple tree with branches at the top, caged in four pairs of small vertical strokes",4,0
P088,V466|V547,W394,M165,165,"Simple tree with branches at the top, with a pitchfork head at either top or bottom",4,0
P089,V084|V801,W391,M163,163,Three pronged tree with caret hat,0,1
P090,V592,W956,,,"Tall vertical stroke, with M shaped diagonal wiggle through middle",0,0
P091,V045|V044|V523,W350|W352|W353|W354,M174,174,"Horizontal line with multiple lines out the top, lines or U out the bottom",3,5
P092,V042|V182,W415,M171,171,Pitchfork with tines,1,6
P093,V360,W417,M172,172,"Two pitchforks with tines, facing each other vertically",1,0
P094,V247|V464,W521,,,"Pitckfork with two vertical tines on ends, one triangular tine in the middle",0,1
P095,V043|V404,W416,M173,173,Pitckfork with two stacked heads,1,4
P096,V212,W770|W772|W773,M348,348,"U where one arm has a double headed pitchfork, the other is a tree symbol",3,3
P097,V733,W642,,,"Pitckfork with two stacked heads, inside a rectangular box, possibly with a small tooth off the right edge of the box",2,0
P098,V051|V486,W400|W402,M176,176,Vertical line with small horizontal lines coming off one side across the entire height,3,4
P099,V026,W413,M177,177,Vertical line with small horizontal lines crossing it across the entire height,2,1
P100,V470,W411,M168,168,"Wheat shaft. Vertical stroke with upward pointing diagonal strokes on both sides, going the full length of the shaft",1,0
P101,V795,,M167,167,"Wheat shaft. Vertical stroke with upward pointing diagonal strokes on both sides, but leaves only at the top",1,0
P102,V382,W412,,,"Curved wheat shaft in two long vertical strokes. Wheat shaft is: curved stroke with upward pointing diagonal strokes on both sides, going the full length of the shaft",1,0
P103,V187|V295,W374,M400,400,"Plant curving left, small leaf at top, larger leaf at middle forming two leaves on either side of stem",0,3
P104,V476,W375,M401,401,"Plant curving left, small leaf at top, larger leaf at middle forming two leaves on either side of stem. Bracketed by two inward taperd vertical lines",1,0
P105,V272,,,,"Plant curving left, small leaf at top, larger leaf at middle forming two leaves on either side of stem. Standing on top of horizontal pedestal",0,0
P106,V238,W767,M351,351,"Flowering plant with 'sapling' on right, 'tree branch' on left",0,0
P107,V342,W768,M372,372,"Flowering plant with 'sapling' on left, 'tree branch' on right, 'garlic' in center",0,0
P108,V174|V573,W370|W371|W372,M397,397,"The 'garlic' motif. Vertical stroke, broken by a circle with a dot in it",3,5
P109,V561,W946,M377,377,"The 'garlic' motif next to a leaf with a small vertical center decoration, all inside a cage of four small vertical strokes",1,0
P110,V094|V739,W388,M327,327,"Upside-down heart symbol with horizontal hatching, with vertical stroke coming from bottom of heart. Heart has two small decorations coming off the top center",0,3
P111,V167|V483,W382,M325,325,"Upside-down heart symbol, with vertical stroke coming from bottom of heart",1,2
P112,V093|V293,W384|W385,M326,326,"Upside-down heart symbol, possibly with vertical stroke coming from bottom of heart, vertical stroke decoration",1,0
P113,V745,,,,"Upside-down heart symbol, possibly with vertical stroke coming from bottom of heart, vertical stroke decoration. On top of three horizontally adjacent triangles",1,0
P114,V173|V091|V373|V528,W070|W072,M155,155,"A single vertical line, with two person arms; head may be circle or continuation of line",1,3
P115,V555,W073,M156,156,"A single vertical line, with two person arms; head may be circle or continuation of line. Bracketed by inverted parentheses",1,0
P116,V326,W071,M157,157,"A single vertical line, with two person arms; head is crossed by a horizontal decoration",1,0
P117,V215|V214|V266,W776|W783|W784|W785|W786,M367,367,Flowering plant with three stems that meet at the bottom,1,2
P118,V497|V724,W777|W778|W782,M362,362,Flowering plant with two stems that meet at the bottom. Leaf with pincers between stems,1,0
P119,V025|V509,,M099,99,Two top-aligned small vertical strokes (prefer P122),0,0
P120,V154|V469,W060,M123,123,"A single small vertical line, then another vertical line with the bottom half slanting under the first line (like a Japanese 'ri' character).",2,22
P121,V001|V023|V258|V423|V764|V768,W001,M097,97,"Simple, half-height vertical stroke",1,10
P122,V002|V231|V765|V769,W002,M099,99,Two adjacent half-height simple vertical strokes,1,76
P123,V003|V199|V766|V770,W003,M102,102,Three adjacent half-height simple vertical strokes,1,13
P124,V004|V016|V438|V678|V767|V771,W004|W014,M104,104,Four adjacent half-height simple vertical strokes,2,4
P125,V005|V017|V715|V799,W005|W015,M106,106,Five simple vertical strokes,2,4
P126,V006|V018|V670|V723,W006|W016,M108,108,Six short vertical strokes,2,6
P127,V007|V019|V690,W007|W017,M110,110,Seven short vertical strokes,2,4
P128,V020,W018,M114,114,Eight short vertical strokes,2,2
P129,V314|V021,W019,M115,115,Nine short vertical strokes,2,0
P130,V022,W020,M118,118,Ten short vertical strokes,2,0
P131,V594|V310,,M312,312,One tiny caret,0,0
P132,V498|V311,,M313,313,Two tiny stacked carets,0,0
P133,V473,,M314,314,Three tiny stacked carets,0,0
P134,V499,,,,Four tiny stacked carets,0,0
P135,V500,,,,Many tiny stacked carets,1,0
P136,V529|V397|V717|V796,W048|W049,M111,111,"Seven short vertical strokes, bracketed by parentheses",2,1
P137,V437,W051,M117,117,"Nine short vertical strokes, capped by 'table' hat",2,0
P138,V082|V459,,M153,153,Caret above a small vertical stroke,0,0
P139,V015|V292,W013,M103,103,Two small vertical strokes over one small vertical stroke,0,4
P140,V014,W012,M101,101,Two stacked small vertical strokes,0,0
P141,V492|V130|V729,W025|W026|W027|W028|W029,M119,119,Three rows of off-center or slanted small vertical strokes,4,0
P142,V024|V280,W055,M121,121,"Four small vertical strokes above the same, above the same",0,4
P143,V493,W057,M122,122,"Four small vertical strokes above the same, above the same. Bracketed by right parentheses",0,0
P144,V008|V501,W031,M086,86,One full-height vertical stroke,0,8
P145,V009|V543,W032,M087,87,Two adjacent full-height vertical strokes,0,27
P146,V756,,M088,88,"Two adjacent full-height vertical strokes, surrounded on either side by a vertical bar over another vertical bar",0,0
P147,V010|V424,W033,M089,89,Three adjacent full-height vertical strokes,0,14
P148,V331,W045|W046,M090,90,Three adjacent full-height vertical strokes. Small 'tree' off right side,2,0
P149,V759,W044,M092,92,Three adjacent full-height vertical strokes. Caret hat,0,0
P150,V294,W034,M095,95,Four adjacent full-height vertical strokes,0,0
P151,V012|V784,W035,M096,96,Five adjacent simple tall vertical strokes,0,2
P152,V250,,M093,93,"Three adjacent full-height vertical strokes, third (and maybe second) stroke is angled away slightly",1,0
P153,V383,,,,"Three adjacent full-height vertical strokes, first stroke is angled away slightly",0,0
P154,V153|V265|V289|V511,W900,M287,287,Right parenthesis (perhaps with a backward curve at the bottom),1,14
P155,V514,W926,M289,289,"Wavy line caged by short double vertical strokes, possibly with a stroke missing",2,0
P156,V445|V681,W901,M288,288,"Right parenthesis with small, slightly inward-and-downward horizontal line from middle",1,1
P157,V495,,,,"Right parenthesis with small, diagonal stroke through it",1,0
P158,V319,,,,Right parenthesis with small tooth on it facing right,1,0
P159,V221|V735,,,,"Right parenthesis with small inward strokes on top, and a tooth outward on top",0,0
P160,V220|V155,W920,M293,293,Right parenthesis with small leaf at middle,0,6
P161,V355,W922,,,"Right parenthesis with small leaf at middle, stroke crossing top part of paren",0,0
P162,V591,W903,M290,290,Right parenthesis with small lines away from it at top,1,0
P163,V152|V332,W909,M299,299,Left parenthesis,0,0
P164,V399,W902,M300,300,Left parenthesis with small inward pointing tooth near top,0,0
P165,V216,W921,M301,301,Left parenthesis with small semicircle against the very middle,0,0
P166,V277,,,,"Left parenthesis with small semicircle against the very middle, diagonal line extending past the paren from the bottom of the semicircle",1,1
P167,V777,,,,"Left parenthesis with small semicircle against the very middle, diagonal line extending past the paren from the bottom of the semicircle. T-bar diagonally against top of parenthesis",0,0
P168,V778,,,,"Left parenthesis with small semicircle against the very middle, diagonal extending from bottom of semicircle, caret over all",0,0
P169,V565,,,,"Left parenthesis with small semicircle against the very middle, diagonal extending from bottom of semicircle, caret over all, some damage",0,0
P170,V291,,,,"Left parenthesis with small semicircle against the very middle, caret extending from top of semicircle",0,1
P171,V228,,M292,292,"Left parenthesis, two perpendiculars coming away both from top and bottom, caged by four small vertical strokes",0,0
P172,V242|V226|V347,W904|W927,M294,294,Two slightly nested right parentheses,1,2
P173,V455|V365|V682,W905|W928,M295,295,"Two slightly nested right parentheses, small tooth facing outward from top of right parenthesis",1,0
P174,V553|V446,W906,M303,303,Right parenthesis next to left parenthesis,0,3
P175,V218|V416,W923,M296,296,Right parenthesis drawn in outline,0,7
P176,V219,W924,M297,297,"Right parenthesis drawn in outline, horizontal hatching throughout",0,0
P177,V243|V719,W908,M298,298,Many slightly nested right parentheses,2,1
P178,V327|V794,W890,M304,304,"Right facing bow, i.e. a vertical stroke with a right-parenthesis fully attached on the right",0,1
P179,V330|V789,W891,M305,305,"Right facing bow, i.e. a vertical stroke with a right-parenthesis fully attached on the right. Several small perpendiculars coming off top",1,0
P180,V346,W796,M306,306,"Leaf, small perpendicular strokes radiating from the top. Surrounded by a capital Gamma",2,1
P181,V217,W896,M311,311,"Lyre, or a left parenthesis with multiple vertical lines inside",1,1
P182,V081|V253,W892,M307,307,Bow and arrow,2,2
P183,V757,W895,M308,308,"Bow and arrow, caged by pairs of small vertical strokes",1,0
P184,V299|V475,W480,M134,134,"Tall, slightly narrow caret (mountain motif)",1,0
P185,V099|V402,W066,M129,129,"Tall, slightly narrow caret (mountain motif), with a bit of the right leg removed",1,0
P186,V100|V708|V782|V790,W465|W467|W468|W469|W470|W471|W472|W473|W474|W475,M178,178,"A with right leg only partially formed, possibly with pitchfork foot on right",5,2
P187,V552,W466,M179,179,"A with right leg only partially formed, caged by pairs of small vertical strokes",0,0
P188,V101|V306,W435|W436,M130,130,"Vertical line with diagonal going down from top right, diagonal going up from bottom left",2,2
P189,V303,W454,M131,131,Caret with diagonal continuing upwards and left from the bottom left. Under a 'table' motif,0,0
P190,V403,W452,,,A 'W' symbol,1,0
P191,V107,W450,M132,132,A 'W' symbol with an extra stroke going down and left from the left tip ('wave' motif),1,0
P192,V516,W451,M133,133,Two vertically stacked 'wave' motifs (see P191),1,0
P193,V185|V676,W175,M047,47,"Person sitting with bent knees, no small tangent lines coming off the back",2,1
P194,V186|V434,W176|W177|W178|W179,M048,48,"Person sitting with bent knees, four small tangent lines coming off the back",3,8
P195,V329|V300,W484,M136,136,"Tall caret drawn in outline, with hatching throughout",0,1
P196,V302,W380,M323,323,Upside-down heart symbol,0,0
P197,V109|V308,W482,M135,135,"Tall caret drawn in outline, with diamond inscribed at the point",0,1
P198,V131,W483,M259,259,"Tall lambda drawn in outline, with V or diamond inscribed at the connector",1,0
P199,V384,W058,,,"Two or three tall vertical strokes, with a small box off the right center of the second stroke",1,0
P200,V054|V701,W604|W605,M258,258,"Tall box with horizontal hatching throughout, possibly a small handle off right hand side",2,0
P201,V052|V108,W065,,,Vertical stroke with a small slightly downward horizontal stroke at the left middle,1,5
P202,V053|V582,W365|W367|W368,M402,402,Vertical stroke with a triangular wing attached near the middle,2,11
P203,V090|V698,,M126,126,Upside down 'Y' motif,0,0
P204,V156|V119,W061|W062|W063,M124,124,"Simple lambda but reversed horizontally, and the leg may not be quite connected to the long stem",2,4
P205,V129|V233,W289|W290|W291|W292|W293|W294|W295|W296|W297|W299|W300|W301|W302|W303|W304|W305|W306,M180,180,"Prismed light rays, with opposite slanting on top vs bottom, more rays on bottom",5,10
P206,V457|V078,W307|W308|W309,M181,181,"Prismed lines like P205, but with a decoration on top. Possibly with an up and down caret attached at top right",2,1
P207,V349,W490,,,"Tall triangle with no decoration, either isocolese or more horn-shaped",2,1
P208,V102|V703,W500,M209,209,"Tall triangle with vertical divider, either isocolese or more horn-shaped",1,1
P209,V103|V245,W502,M210,210,"Tall triangle with vertical divider, horizontal hatching throughout, either isocolese or more horn-shaped",2,0
P210,V104|V223|V389|V732,W503,M204,204,Tall isoceles triangle with horizontal stripes,1,5
P211,V271|V260,W504,M206,206,"Horizontally striped isocolese triange, with serifed T on top",1,1
P212,V048,,M207,207,"Horizontally striped isocolese triange, with serifed T on top, caged by four small vertical strokes",1,0
P213,V324,W505,M208,208,"Horizontally striped isocolese triange, with serifed T on top, capped by a 'table' motif",1,0
P214,V380|V775,,,,Two adjacent carets,0,0
P215,V105|V312,W460,M230,230,"Three tall, thin isoceles triangles",2,6
P216,V580,W461,M231,231,"Three short isoceles triangles, above three short isocoles triangles but pointed downward",0,0
P217,V095|V549,W520,M211,211,Isocolese triangle on top of vertical line (arrow? spear?),1,18
P218,V679,,,,"Five pointed star, with lines completely connecting point to point",0,0
P219,V755,,,,"A 'K' with a vertical line connecting the bottom point, and the top right arm is a rectangle",0,0
P221,V040|V504,W455,M233,233,"Three triangles, one large isocoles pointing right on left, two small on right, all linked at the point of the left triangle",1,5
P222,V046|V422,W456,M234,234,"Three triangles, one large isocoles pointing right on left, two small on right, all linked at the point of the left triangle. Capped by a 'table' motif",1,0
P223,V343,W457,M235,235,"Three triangles, one large isocoles pointing right on left, two small on right, all linked at the point of the left triangle, with a small tree growing from the lower right",2,1
P224,V234|V235,W540,M214,214,"A 'Bowtie' motif. Or, an 'X' with vertical line connecting the left points, and same on right",0,0
P225,V035,W542,,,"A 'Bowtie' motif. Or, an 'X' with vertical line connecting the left points, and same on right. Small vertical stroke in left side",0,0
P226,V036,W545,M215,215,"Bowtie with another left-pointing triangle attached on the right, hatching throughout",0,4
P227,V229|V298,W530,M225,225,"A 'Bowtie' motif, but without the vertical line connecting the right points",0,0
P228,V037,W531|W533,M228,228,"X with left points connected by vertical line, with another such X underneath, and a vertical bar connecting the cross-point of the two X's",2,1
P229,V032,W554,M226,226,"A 'Bowtie' motif, but without the vertical line connecting the right points. Small 'v' coming off top right point",0,0
P230,V241|V033|V412|V593,W550|W555,M216,216,"The 'pincer' motif. Right-pointing isocoles triangle on left, left-pointing isosceles triangle on right, with small part of right line removed in middle",4,23
P231,V240,W556,M221,221,"The 'pincer' motif, with vertical stroke through the middle point",1,1
P232,V038|V583,W560|W561,M219,219,"Right-pointing isocoles triangle on left, left-pointing isosceles triangle on right, with small part of right line removed in middle. Two leaves coming out of the connecting point.",1,1
P233,V564,W562,M220,220,"The 'pincer' motif, with two vertically stacked leaves intersecting at the middle point. Caged by four small vertical strokes",1,0
P234,V350|V793,W551,M216,216,"Left-pointing isocoles triangle on right, right-pointing isosceles triangle on left, with small part of left line removed in middle.",0,3
P235,V117,W532,M227,227,The 'pincer' motif with 'rake' coming from lower left. Rake is a long stroke with multiple short perpendiculars coming off one side. Pincer is missing at least one of the pincer teeth,1,0
P236,V378,,,,The 'pincer' motif with 'rake' coming from lower left. Rake is a long stroke with multiple short perpendiculars coming off one side.,0,0
P237,V034,W564,M223,223,"X with vertical connection on left two tips, right tips both have a slight vertical line toward each other, and three lines off the tip away from each other",0,1
P238,V249|V198,W565,M224,224,"X with vertical connection on left two tips, right tips both have a slight vertical line toward each other, and three lines off the tip away from each other. Line with three downward lines coming off left",0,3
P239,V688|V689,,,,An 'X' where each arm is decorated with wheat sheaves,1,0
P240,V122|V728,W645,M137,137,An 'X' with no decoration,0,0
P241,V488,,,,"An 'X' with no decoration, inside a cage of four small vertical strokes",0,0
P242,V124,W680,M140,140,An 'X' with two vertical strokes inside each angle of the X,0,0
P243,V047,W679,M139,139,An 'X' with a 'table' hat,0,0
P244,V282,W678,M138,138,An 'X' with a 'caret' hat,0,0
P245,V313|V393,W685,M141,141,"An 'X' with vertical lines connected to each arm, forming two 'fat arrows' pointed toward each other",0,0
P246,V562,W689,M143,143,"X with two vertical strokes through it, caged by 4 short pairs of vertical lines",0,1
P247,V560,W688,M144,144,"X with two vertical strokes through it, caged by inverted parentheses",0,1
P248,V432|V791,,M142,142,"An 'X' with vertical lines connected to each arm, forming two 'fat arrows' pointed toward each other. All under a 'table' hat",0,0
P249,V672,W686,M145,145,"An 'X' with vertical lines connected to each arm, forming two 'fat arrows' pointed toward each other. Pitchfork head going across the center",0,0
P250,V335,W080,M158,158,A vertical stroke with a smallish X centered on the top,0,0
P251,V287|V803,W081,M160,160,"An X on top of a vertical stroke, with a decorated triangle hanging off the upper right",1,2
P252,V575,,,,A full-height vertical stroke with a smallish X near the top,0,0
P253,V085,W083,M159,159,"An X near the top of a vertical stroke, with a caret hat",0,1
P254,V125|V736,W683|W684,M146,146,Two or more crossed lines (line an X or *) with small perpendicular decorations (ovals? lines) at each tip,2,1
P255,V232|V712,W690,M149,149,"Two nested greater-than symbols, touching two nested less-than symbols",0,1
P256,V123|V507,W692,M150,150,An X but drawn in outline,1,12
P257,V372,W694,M151,151,An X but drawn in outline. Three small adjacent triangles affixed diagonally to the top right arm,0,0
P258,V574,W693,M152,152,"An X but drawn in outline, with tree stemming from bottom right corner",2,1
P259,V453,W528,,,"A central box, with orthogonal lines coming off in a pinwheel manner",1,0
P260,V742|V478,,M264,264,"An octothorpe, possibly rotated 45 degrees (see similarity with P359)",1,1
P261,V441,,,,"Box with inward facing triangles on each corner, filled with small U's and X's",0,0
P262,V059,W600|W625,M237,237,Tall rectangle with no decoration,0,0
P263,V721,,,,"Tall rectangle with no decoration, connected to a tall vertical stroke on the left by a short diagonal line",0,0
P264,V060|V545,W603,M238,238,Tall rectangle with two horizontal hatches going across the center,0,0
P265,V061|V687,W621|W622,M242,242,"Tall rectangle with vertical full height bar inside, and a horizontal bar across the left or right area",1,2
P266,V345,W623,M243,243,"Tall rectangle with vertical full height bar inside, and a horizontal bar across the left or right area. Small U in the other area",1,0
P267,V064,W602,M239,239,"Tall rectangle a box affixed to the left interior, the box has a horizontal crossbar",0,0
P268,V069|V062|V092|V554|V696,W615,M241,241,A grid of x by y cells,2,11
P269,V758,W616,M246,246,"A grid of x by y cells, with a tall vertical stroke on one side, both connected by a short diagonal line",3,0
P270,V066|V065|V067|V068|V396|V400|V693,W630|W631|W632|W633|W634|W635|W636|W637|W638|W639,M244,244,"Rectangle, taller than wide, with vertical strokes for teeth inside on top and bottom",2,5
P271,V405,W640,,,"Rectangle, taller than wide, with vertical strokes for teeth inside on top and bottom. Two right parentheses inside everything",1,0
P272,V318|V290,W362,M201,201,Trapezoid with inner rectangle,1,1
P273,V731|V792,,,,"Wide rectangle, with an X from corner to corner",0,0
P274,V029,W610,M257,257,"Tall central rectangle, flanked by two small boxes on the bottom",1,0
P275,V072|V073|V074|V317|V783,W510|W511|W512|W513,M253,253,"Square in middle, possibly with horizontal lines across, and lines coming from top and bottom",3,3
P276,V027|V491,W590,M249,249,Square at bottom with vertical bar coming off top middle,0,6
P277,V536,W592,M250,250,Square at bottom with vertical bar coming off top middle. Caged by four small vertical strokes,0,0
P278,V572,W593,M251,251,Square at bottom with vertical bar coming off top middle. Interior is the 'pincer' motif with two leaves at the middle,0,0
P279,V451,,,,"Square at bottom with vertical bar coming off top middle, and two diagonals also coming from the bottom of the vertical bar",0,0
P280,V028|V256,W595,M252,252,"Box with vertical stroke off top center, horizontal striping",1,1
P281,V358,W611,M256,256,Vertical line with two small boxes attached to the top,0,1
P282,V259,W950,M170,170,"Box on top left, vertical extender from bottom left, horizontal extenders all along the right side",0,0
P283,V031|V502,W440,M127,127,"Rectangle, but with bottom line missing, and bottom-half of left line missing (like backward greek capital gamma with a prominent serif)",0,3
P284,V477|V171,W443,M128,128,"Backward capital Gamma with serif, small vertical stroke inside the area",1,0
P285,V049,W572,M195,195,"Trapezoid with no bottom line, bird-foot in bottom",0,1
P286,V589,W573,M196,196,"Trapezoid with no bottom line, bird-foot in bottom, 'table' hat",1,0
P287,V711,,,,"Trapezoid with no bottom line, bird-foot in bottom. Two small vertical strokes on top",0,0
P288,V050|V683,,M194,194,"Trapezoid with no bottom line, two short outward perpendiculars off bottom left and right and from top center, bird-foot in bottom",0,3
P289,V030|V261,W575,M197,197,"Trapezoid with no bottom line, small box resting on the top middle",1,4
P290,V436,W578|W579,M198,198,"Tall table. Underside has a horizontal line enclosing the top part of the underside, with vertical hatches inside. Small box on top of the table.",2,1
P291,V576,,,,"Tall table. Underside has a horizontal line enclosing the top part of the underside, with vertical hatches inside. Small box on top of the table. Left paren attached to left side, paren has small semicircle at center. Semicircle has diagonal continuing through the paren.",0,0
P292,V371|V773,W570|W571,M199,199,Tall table. Small decoration on top,1,0
P293,V057|V055|V447,W315|W360,M199,199,"Large 'H', possibly with top points connected by horizontal bar",1,1
P294,V334,W361,M203,203,"Large 'H', possibly with top points connected by horizontal bar. Table for a hat.",1,1
P295,V279,W318,M188,188,"Large 'H', possibly with top points connected by horizontal bar. Vertical lines come down from the crossbar.",2,0
P296,V056|V686,W317,M186,186,"Two long vertical strokes, connected by multiple horizontal lines",1,1
P297,V725,,,,"Ladder motif. Two nearby vertical lines with a number of horizontal lines going across the middle, going the length of the verticals.",1,0
P298,V379|V704,W319,,,"An 'H', but the crossbar is multiple small boxes. Possibly with an upward tail coming from the bottom left",1,0
P299,V444,,M185,185,"Two 'H's, but the crossbars are multiple small boxes. H's share one of the vertical lines.",1,0
P300,V270|V333,,M187,187,"Two narrow vertical lines, three diagonals connecting them. Tail coming horizontally off top, right edge has a thin triangle sharing part of the edge",0,1
P301,V041|V479,W526|W527,M254,254,"Small box with horizontal hatching, vertical lines coming from top left and bottom right corners",2,6
P302,V567,W363,M255,255,"Box in center. Vertical lines coming from top left and right. Vertical coming from bottom right, extended by a horizontal at the bottom.",0,0
P303,V275|V519,W322|W323|W324|W325,M182,182,"H with two horizontal bars across the middle, with vertical lines dropping down from the crossbar",3,3
P304,V079|V800,W321,M183,183,"H with two horizontal bars across the middle, with vertical lines dropping down from the crossbar. All connected by a short diagonal to a tall vertical stroke on left",3,0
P305,V058|V716,W420,M189,189,"Long horizontal at bottom, multiple vertical lines coming off for the entire length",1,0
P306,V080|V474,W421|W422|W423|W425|W426|W427|W428|W429|W430,M190,190,"Long horizontal at bottom, multiple vertical lines coming off for the entire length. Each vertical decorated near top, low horizontal is made of abutting small rectangles, possibly decorated",2,0
P307,V362,W329,M191,191,"Box with open top, diagonal line coming off top right and outward. Bottom has a small rect with vertical lines",1,1
P308,V075,W335,M192,192,"M with the bottom of the legs connected by a horizontal line, and vertical lines connected at midpoint by horizontal line",1,0
P309,V076,W336|W337|W338,M193,193,"M with the bottom of the legs connected by horizontal lines, and vertical line decoration",4,3
P310,V246|V548,W700,M328,328,Simple U with no other decoration,2,2
P311,V201|V720,W701,M329,329,U with two small vertical strokes inside the top,2,1
P312,V202|V707,W703,M330,330,U with three small vertical strokes inside the top,2,0
P313,V359|V267,W732|W734,M332,332,U with several small strokes off the bottom,2,1
P314,V088|V779,W731,M334,334,"U with several small strokes off the bottom, caret hat",2,0
P315,V710,,M365,365,Large 'V' with a tall vertical coming from the vertex (making a large bird foot),0,0
P316,V197|V398|V532,W704|W705|W706|W707,M336,336,U with a long vertical stroke inserted into the gap of U,4,19
P317,V407|V322,W735|W736,M335,335,"U with several small strokes off the bottom, vertical line with possible decoration at bottom inserted into the U",3,0
P318,V283,W712,,,U with upward-bowed line or wagon wheel near the bottom,1,0
P319,V714|V746,W711,,,U with X going from side to side near the bottom,0,0
P320,V203|V484,W716|W717,M341,341,"A cat's paw perhaps, two vertical strokes on each side, and four fingers, with fingers on one side a little shorter than the other",1,2
P321,V751,W719,M339,339,"Tall vertical on left, half vertical on top right, the right vertical then continues in a curve to connect to the bottom of the left vertical. Top is closed by a horizontal. Three vertical lines off top horizontal. Capped by 'table'.",3,0
P322,V337|V705,W721,M338,338,"Tall vertical on left, half vertical on top right, the right vertical then continues in a curve to connect to the bottom of the left vertical. Top is closed by a horizontal. Top is a sequence of small boxes",2,0
P323,V128|V776,W708|W709|W710,,,U with 'tree' motif sprouting from the bottom,2,0
P324,V204|V526,W740,M342,342,Classic jar symbol with two horizontal handles at the top of each arm pointed outward,5,99
P325,V205|V209,W741,M343,343,"Classic jar symbol with two horizontal handles at the top of each arm pointed outward, single small vertical stroke inside mouth of jar",5,14
P326,V206|V413,W742|W743|W744,M344,344,"Classic jar symbol with two horizontal handles at the top of each arm pointed outward, two small vertical strokes inside mouth of jar",6,3
P327,V208|V207|V414|V706,W745|W746|W747,M345,345,"Classic jar symbol with two horizontal handles at the top of each arm pointed outward, three small vertical strokes in mouth",6,1
P328,V749,W748,,,"Classic jar symbol with two horizontal handles at the top of each arm pointed outward, four small vertical strokes in mouth",6,0
P329,V494|V774,W749,M346,346,"Classic jar symbol with two horizontal handles at the top of each arm pointed outward, three small vertical strokes in mouth. Three small strokes at bottom. Overlaid by a decorated caret",7,0
P330,V367,W751,,,"Classic jar symbol with two horizontal handles at the top of each arm pointed outward. Inside has a wagon wheel at bottom, attached to a double headed pitchfork at top",6,0
P331,V386,W750,M352,352,"U with jar handles on left, trifurcated tree on right",0,0
P332,V248|V210|V211|V276|V395|V428|V480,W752|W760,M347,347,U with decorated branching at top,4,11
P333,V364,W761,M357,357,"U with trifurcated trees for handles, very low X connecting the U legs near the bottom",0,0
P334,V752,,M356,356,"U with trifurcated trees for handles, very low caret in outline with small diamond in the tip",0,0
P335,V448,W765,M349,349,"U with trifurcations at the tips, with full height vertical stroke on left, connected together with horizontal stroke",1,1
P336,V361,W764,M350,350,"U with trifurcated trees for handles, small check-mark on right side",0,0
P337,V213|V281,W753,M355,355,"U with trifurcated trees for handles, wagon wheel circumscribed fully within",1,0
P338,V401,W931,M317,317,"Upside down U, with five small vertical strokes within",0,0
P339,V121,W930,M393,393,"Upside down U, with a wagon wheel above two small vertical strokes within",1,0
P340,V083,,M316,316,"Upside down U, with a small 'H' within",0,0
P341,V089,W932,M318,318,"Four rounded lines going upward, curving into each other at top, with a caret hat above all, and two diagonal strokes across the four lines",1,1
P342,V165|V726,W165,M319,319,"A left and right paren connected only at the top, with the left paren swooping upward into the center from the bottom",0,2
P343,V471,W166,M320,320,"A left and right paren connected only at the top, with the left paren swooping upward into the center from the bottom. Small diagonal coming off top-right",0,0
P344,V239,W167,M321,321,The 'headphones' motif. Upside down U with small cirles on each end,1,0
P345,V286,W168,M322,322,The 'headphones' motif. Upside down U with small cirles on each end. Tall 'Y' inscribed and attached inside,1,0
P346,V192|V785,W171,M409,409,Capital 'T' with a small leaf oriented vertically attached to both sides of the top bar,0,1
P347,V581,W169,M408,408,"Two leaves horizontally adjacent, with a small horizontal line connecting them",0,0
P348,V737,W170,M409,409,"Two leaves horizontally adjacent, with a small horizontal line connecting them. Caged by two inward sloping vertical lines",0,0
P349,V169|V533,W840,M403,403,"Two vertical leaves, slightly overlapping",0,10
P350,V506,,M404,404,"Two overlapping leaves, bracketed by two small stacked vertical lines on each side",1,1
P351,V496,W841,M405,405,"Two vertical leaves, slightly overlapping. Small tree motif coming from right hand side",1,0
P352,V170|V309,W845,M407,407,"Two overlapping leaves with diagonal hatches across the three midsections, possibly with a cage of small vertical strokes",2,2
P353,V196|V296|V694,W215|W216,M415,415,"Three stacked leaves, possibly with vertical stroke through the center",1,2
P354,V709,W217,M416,416,Three stacked leaves. Caged by two tall vertical strokes,0,0
P355,V381|V098|V111|V157|V387|V415|V684,W790|W850,M261,261,"Simple leaf or diamond, possibly rotated 45 degrees",2,4
P356,V175,W860,M262,262,"Simple leaf or diamond, possibly rotated 45 degrees. Small tree of right hand side",1,0
P357,V734,,,,"Simple leaf, two small inverted carets off right, diagonal with orthogonal upware strokes on left",0,0
P358,V176,,,,Leaf with small strokes coming out diagonally on all four diagonals,0,2
P359,V115,W853,M264,264,Diamond with two perpendiculars coming off each edge (see similarity with P260),0,2
P360,V377,W373,M399,399,"Leaf on vertical line, with sun rays coming out from the top",2,1
P361,V118,W851,M263,263,Diamond with diagonal line crossing lower right edge,0,0
P362,V525,W859,,,Diamond with small flag coming from bottom,0,0
P363,V112,W858,M266,266,Diamond with two horizontally adjacent boxes on a short vertical stick inside near bottom,0,0
P364,V161|V537,W803|W805|W806,M387,387,Leaf with tree at bottom,2,17
P365,V540|V255,W804|W807,M388,388,"Leaf with tree at bottom, caged by four small vertical strokes",2,0
P366,V158|V431,W832,M375,375,Leaf with small vertical stroke inside,0,1
P367,V200|V727,W834,M376,376,"Leaf with small vertical stroke inside, small tooth coming off top right",0,0
P368,V159|V691,W808|W809|W810,,,Leaf with small dot inside,1,2
P369,V160|V700,W812|W813|W814,M381,381,Leaf with small square hatched decoration inside,1,3
P370,V671,,,,"Leaf with small square hatched decoration inside, small tooth off top right",1,0
P371,V251,W815|W816,M383,383,"Leaf with small square hatched decoration inside, pitchfork head inside",3,0
P372,V116|V257,W831|W833,M379,379,Leaf with diagonal-stroke central decoration,1,1
P373,V804,,,,"Leaf with tooth off top-right, and tooth off bottom-left",0,0
P374,V805,,,,Leaf with stretched diamond overlapping from top right to top bottom,0,0
P375,V301,W823,M384,384,Leaf. Diamond in center with vertical strokes out each edge to edge of leaf. Vertical lines similarly from top and bottom vertices,0,0
P376,V297,W825,M380,380,Leaf with diagonal overlapping cross hatching throughout,0,0
P377,V587,W818,,,Circle with plus sign fully inscribed,0,0
P378,V163|V254,W820,M391,391,Wheel with 6 spokes with even angles,1,17
P379,V569|V338,,M392,392,"Wheel with 6 spokes with even angles, two tall vertical strokes on left, all caged by four small vertical strokes",0,1
P380,V063|V284,W626,M247,247,"2x2 grid, each cell has a small vertical stroke",0,0
P381,V113,W879,,,"Diamond with gridding, each grid cell has a small stroke in it",0,1
P382,V164|V556,W877,M284,284,Diamond with four small diamonds at each vertex,0,1
P383,V584|V788,W878,M285,285,"Diamond with four small diamonds at each vertex, caged by four small vertical strokes",0,0
P384,V114|V797,W880,M286,286,"Diamond with four small diamonds at each vertex, and a wagon wheel in the center",0,2
P385,V162|V420|V421|V510,W817|W861,M267,267,Diamond or leaf shape with a small diamond attached to the top,1,35
P386,V352,W202,M268,268,"Diamond or leaf shape directly above another, with small diamonds inside each at the center",1,1
P387,V433,,M276,276,"Diamond with a small diamond attached to the top, two orthogonal strokes going through bottom left edge",0,0
P388,V430|V802,W868,M275,275,"Diamond with a small diamond attached to the top, lower left edge has a doubling parallel line inside the diamond",0,0
P389,V363|V227,W865,M272,272,Diamond with several lines coming from top outward in a sunburst,1,0
P390,V418,W869|W871,M277,277,"Diamond with small diamond at top (and maybe even smaller diamond on right), small diamond at top has decoration off the bottom",2,2
P391,V487,W870,M278,278,"Diamond with small diamond at top (and maybe even smaller diamond on right), small diamond at top has decoration off the bottom, all caged by four small vertical strokes",2,0
P392,V677,W863,M270,270,"Diamond with small diamond in top vertex, bird foot or tree coming off top left edge",1,0
P393,V351,W864,M271,271,"Diamond with small diamond in top vertex, multiple trees off top right edge",1,1
P394,V468|V409,,M274,274,"Diamond with small diamond in top vertex, jar handles or trees coming from top vertex, one on each side",1,0
P395,V406,,M273,273,"Diamond with small diamond in top vertex, rakes coming from top vertex, one on each side",1,0
P396,V753,W628,M236,236,"Square with small square inside top left vertex, 9 slanted vertical strokes in a 3x3 pattern inside",1,0
default_features,,,,,Default features for the grapheme dataset,3,0
